Category;Columns
11-Hydroxycorticosteroids;Hydrocortisone Sodium Succinate Injection
14-alpha Demethylase Inhibitors;Fluconazole In Sodium Chloride Injection USP|Fluconazole Injection|PHL-fluconazole|Voriconazole for Injection
17-Hydroxycorticosteroids;Hydrocortisone Sodium Succinate Injection
ACE Inhibitors and Diuretics;Captopril Tablets
Acetamides;Jamp Levetiracetam Tablets|Linezolid Injection|Linezolid Tablets|Oseltamivir Phosphate Capsules
Acetates;Linezolid Injection|Linezolid Tablets|Oseltamivir Phosphate Capsules
Acid Reducers;Promethazine Hydrochloride Injection USP|Promethazine hydrochloride
Acidifying Activity;Lactulose Solution
Acidifying Agents;Calcium Chloride Injection BP
Acids, Acyclic;Calcium Acetate|Calcium Gluconate Injection USP|Linezolid Injection|Linezolid Tablets
Acids, Carbocyclic;Furosemide Injection|Ibuprofen Oral Suspension USP
Adjuvants;Fentanyl Citrate Injection
Adjuvants, Anesthesia;Diazepam Injection Sdz|Fentanyl Citrate Injection|Midazolam Injection
Adrenal Cortex Hormones;Beclomethasone Dipropionate Nasal Inhaler|Budesonide Inhalation|Dexamethasone Sodium Phosphate Injection Sdz|Dexamethasone Tablets|Hydrocortisone Sodium Succinate Injection|Methylprednisolone Sodium Succinate for Injection
Adrenals;Beclomethasone Dipropionate Nasal Inhaler|Budesonide Inhalation|Dexamethasone Sodium Phosphate Injection Sdz|Dexamethasone Tablets|Hydrocortisone Sodium Succinate Injection|Methylprednisolone Sodium Succinate for Injection
Adrenergic Agents;Dexmedetomidine Hydrochloride Injection|Norepinephrine Bitartrate Injection
Adrenergic Agonists;Dexmedetomidine Hydrochloride Injection|Norepinephrine Bitartrate Injection
Adrenergic Antagonists;Chlorpromazine Hydrochloride Injection
Adrenergic alpha-1 Receptor Agonists;Norepinephrine Bitartrate Injection
Adrenergic alpha-1 Receptor Antagonists;Chlorpromazine Hydrochloride Injection
Adrenergic alpha-2 Receptor Agonists;Dexmedetomidine Hydrochloride Injection|Norepinephrine Bitartrate Injection
Adrenergic alpha-Agonists;Dexmedetomidine Hydrochloride Injection|Norepinephrine Bitartrate Injection
Adrenergic alpha-Antagonists;Chlorpromazine Hydrochloride Injection
Adrenergic and Dopaminergic Agents;Norepinephrine Bitartrate Injection
Adrenergic beta-1 Receptor Agonists;Norepinephrine Bitartrate Injection
Adrenergic beta-2 Receptor Agonists;Norepinephrine Bitartrate Injection
Adrenergic beta-3 Receptor Agonists;Norepinephrine Bitartrate Injection
Adrenergic beta-Agonists;Norepinephrine Bitartrate Injection
Agents Acting on the Renin-Angiotensin System;Captopril Tablets
Agents Causing Muscle Toxicity;Amiodarone Hydrochloride Injection|Apo Sulfamethoxazole Tab 500mg|Captopril Tablets|Cytarabine Injection|Dexamethasone Sodium Phosphate Injection Sdz|Dexamethasone Tablets|Ganciclovir for Injection|Propofol Injectable Emulsion|Sildenafil Citrate
Agents causing angioedema;Captopril Tablets|Ibuprofen Oral Suspension USP|Kinlytic (urokinase for Injection)
Agents causing hyperkalemia;Amiodarone Hydrochloride Injection|Apo Sulfamethoxazole Tab 500mg|Captopril Tablets|Fluconazole In Sodium Chloride Injection USP|Fluconazole Injection|Heparin Sodium Injection USP|Ibuprofen Oral Suspension USP|Magnesium Sulfate Injection USP|Mannitol Injection USP|PHL-fluconazole|Potassium Chloride Injection|Potassium Chloride Injection|Potassium Chloride for Oral Solution|Spironolactone
Agents for Treatment of Hemorrhoids and Anal Fissures for Topical Use;Dexamethasone Sodium Phosphate Injection Sdz|Dexamethasone Tablets|Lidocaine Hydrochloride Injection|Nitroglycerin Injection USP
Agents producing tachycardia;Chlorpromazine Hydrochloride Injection|Dexmedetomidine Hydrochloride Injection|Norepinephrine Bitartrate Injection|Promethazine Hydrochloride Injection USP|Promethazine hydrochloride
Agents that produce hypertension;Chlorpromazine Hydrochloride Injection|Desmopressin Acetate|Dexmedetomidine Hydrochloride Injection|Fentanyl Citrate Injection|Ibuprofen Oral Suspension USP|Linezolid Injection|Linezolid Tablets|Norepinephrine Bitartrate Injection|Propofol Injectable Emulsion
Agents that produce neuromuscular block (indirect);Clindamycin Phosphate Injection USP Liq|Magnesium Sulfate Injection USP|PIPERACILLIN SODIUM and TAZOBACTAM SODIUM|PIPERACILLIN SODIUM and TAZOBACTAM SODIUM|Tigecycline for Injection|Vancomycin Hydrochloride for Injection USP
Agents that reduce seizure threshold;Cefotaxime Sodium for Injection BP|Cefotaxime Sodium for Injection BP|Chlorpromazine Hydrochloride Injection|Fentanyl Citrate Injection|Ganciclovir for Injection|Imipenem and Cilastatin for Injection|Lidocaine Hydrochloride Injection|Linezolid Injection|Linezolid Tablets|Promethazine Hydrochloride Injection USP|Promethazine hydrochloride|Propofol Injectable Emulsion
Agents to Treat Airway Disease;Beclomethasone Dipropionate Nasal Inhaler|Budesonide Inhalation
Agents used to treat hypothyroidism;Levothyroxine Sodium
Albumins;Albumin (Human)
Alcohols;Apo-chloral Hydrate Syrup|Mannitol Injection USP|Norepinephrine Bitartrate Injection|Sodium glycerophosphate
Alimentary Tract and Metabolism;0.9% Sodium Chloride Injection|Amoxicillin Sodium and Potassium Clavulanate for Injection|Beclomethasone Dipropionate Nasal Inhaler|Budesonide Inhalation|Calcium|Calcium|Calcium Acetate|Calcium Chloride Injection BP|Calcium Gluconate Injection USP|Dexamethasone Sodium Phosphate Injection Sdz|Dexamethasone Tablets|Hydrogen Peroxide Solution 3%|Lactulose Solution|Magnesium Sulfate Injection USP|Mannitol Injection USP|Montmorillonite|PMS-levofloxacin|Potassium Chloride Injection|Potassium Chloride Injection|Potassium Chloride for Oral Solution|Sodium Chloride Inhalation Solution|Ursodeoxycholic acid|Vancomycin Hydrochloride for Injection USP
Alkaloids;Caffeine Citrate Injection USP
Alpha-and Beta-adrenergic Agonists;Norepinephrine Bitartrate Injection
Aluminium Compounds;Montmorillonite
Aluminum Silicates;Montmorillonite
Amides;Amoxicillin Sodium and Potassium Clavulanate for Injection|Ampicillin Sodium and Sulbactam Sodium|Ampicillin Sodium and Sulbactam Sodium|Cefotaxime Sodium for Injection BP|Cefotaxime Sodium for Injection BP|Ceftriaxone Sodium for Injection|Furosemide Injection|Hydrochlorothiazide Tablets 50mg|Imipenem and Cilastatin for Injection|Jamp Levetiracetam Tablets|Lidocaine Hydrochloride Injection|Linezolid Injection|Linezolid Tablets|Meropenem for Injection|Oseltamivir Phosphate Capsules|PIPERACILLIN SODIUM and TAZOBACTAM SODIUM|PIPERACILLIN SODIUM and TAZOBACTAM SODIUM|PIPERACILLIN SODIUM and TAZOBACTAM SODIUM|PIPERACILLIN SODIUM and TAZOBACTAM SODIUM|Sildenafil Citrate
Amines;Apo Sulfamethoxazole Tab 500mg|Benzalkonium Chloride|Furosemide Injection|Lidocaine Hydrochloride Injection|Milrinone Lactate Injection|Norepinephrine Bitartrate Injection|Promethazine Hydrochloride Injection USP|Promethazine hydrochloride
Amino Acids;Aminomethylbenzoic acid|Captopril Tablets|Levothyroxine Sodium
Amino Acids, Aromatic;Levothyroxine Sodium
Amino Acids, Cyclic;Captopril Tablets|Levothyroxine Sodium
Amino Acids, Peptides, and Proteins;Albumin (Human)|Aminomethylbenzoic acid|Captopril Tablets|Caspofungin Acetate for Injection|Desmopressin Acetate|Hemoglobin|Immune Globulin Intravenous (human) 5%|Kinlytic (urokinase for Injection)|Levothyroxine Sodium|Protamine Sulfate Injection USP|Vancomycin Hydrochloride for Injection USP
Amino Alcohols;Norepinephrine Bitartrate Injection
Aminobenzoates;Furosemide Injection
Aminopenicillins;Amoxicillin Sodium and Potassium Clavulanate for Injection|Ampicillin Sodium and Sulbactam Sodium
Aminopyridines;Milrinone Lactate Injection
Ammonia Detoxicants;Lactulose Solution
Analgesics;Dexmedetomidine Hydrochloride Injection|Fentanyl Citrate Injection|Ibuprofen Oral Suspension USP|Magnesium Sulfate Injection USP
Analgesics and Anesthetics;Lidocaine Hydrochloride Injection
Analgesics, Non-Narcotic;Dexmedetomidine Hydrochloride Injection|Ibuprofen Oral Suspension USP
Androstanes;Vecuronium Bromide for Injection
Androstanols;Vecuronium Bromide for Injection
Anesthetics;Dexmedetomidine Hydrochloride Injection|Diazepam Injection Sdz|Fentanyl Citrate Injection|Lidocaine Hydrochloride Injection|Magnesium Sulfate Injection USP|Midazolam Injection|Propofol Injectable Emulsion
Anesthetics for Topical Use;Lidocaine Hydrochloride Injection
Anesthetics, General;Dexmedetomidine Hydrochloride Injection|Diazepam Injection Sdz|Fentanyl Citrate Injection|Propofol Injectable Emulsion
Anesthetics, Intravenous;Diazepam Injection Sdz|Fentanyl Citrate Injection|Propofol Injectable Emulsion
Anesthetics, Local;Lidocaine Hydrochloride Injection
Angiotensin-Converting Enzyme Inhibitors;Captopril Tablets
Anilides;Lidocaine Hydrochloride Injection
Aniline Compounds;Apo Sulfamethoxazole Tab 500mg|Furosemide Injection|Lidocaine Hydrochloride Injection
Anions;Hydrogen Peroxide Solution 3%|Sodium Nitroprusside for Injection
Anorexigenic Agents & Respiratory and CNS Stimulants;Caffeine Citrate Injection USP
Antacids;Calcium|Sodium Bicarbonate Injection
Antacids and Adsorbents;Calcium|Calcium|Sodium Bicarbonate Injection
Anti-Acne Preparations;Clindamycin Phosphate Injection USP Liq|Dexamethasone Sodium Phosphate Injection Sdz|Dexamethasone Tablets|Erythromycin Lactobionate
Anti-Acne Preparations for Topical Use;Clindamycin Phosphate Injection USP Liq|Dexamethasone Sodium Phosphate Injection Sdz|Dexamethasone Tablets|Erythromycin Lactobionate
Anti-Allergic Agents;Promethazine Hydrochloride Injection USP|Promethazine hydrochloride
Anti-Anxiety Agents;Diazepam Injection Sdz|Midazolam Injection
Anti-Asthmatic Agents;Beclomethasone Dipropionate Nasal Inhaler|Budesonide Inhalation
Anti-Bacterial Agents;Amoxicillin Sodium and Potassium Clavulanate for Injection|Amoxicillin Sodium and Potassium Clavulanate for Injection|Ampicillin Sodium and Sulbactam Sodium|Apo Sulfamethoxazole Tab 500mg|Azithromycin for Injection|Cefotaxime Sodium for Injection BP|Cefotaxime Sodium for Injection BP|Ceftriaxone Sodium for Injection|Clindamycin Phosphate Injection USP Liq|Erythromycin Lactobionate|Imipenem and Cilastatin for Injection|Linezolid Injection|Linezolid Tablets|Meropenem for Injection|PIPERACILLIN SODIUM and TAZOBACTAM SODIUM|PIPERACILLIN SODIUM and TAZOBACTAM SODIUM|PMS-levofloxacin|Tigecycline for Injection|Vancomycin Hydrochloride for Injection USP
Anti-Infective Agents;Amoxicillin Sodium and Potassium Clavulanate for Injection|Amoxicillin Sodium and Potassium Clavulanate for Injection|Ampicillin Sodium and Sulbactam Sodium|Ampicillin Sodium and Sulbactam Sodium|Apo Sulfamethoxazole Tab 500mg|Azithromycin for Injection|Benzalkonium Chloride|Caspofungin Acetate for Injection|Cefotaxime Sodium for Injection BP|Cefotaxime Sodium for Injection BP|Ceftriaxone Sodium for Injection|Clindamycin Phosphate Injection USP Liq|Cytarabine Injection|Erythromycin Lactobionate|Fluconazole In Sodium Chloride Injection USP|Fluconazole Injection|Ganciclovir for Injection|Hydrogen Peroxide Solution 3%|Imipenem and Cilastatin for Injection|Linezolid Injection|Linezolid Tablets|Meropenem for Injection|Oseltamivir Phosphate Capsules|PHL-fluconazole|PIPERACILLIN SODIUM and TAZOBACTAM SODIUM|PIPERACILLIN SODIUM and TAZOBACTAM SODIUM|PIPERACILLIN SODIUM and TAZOBACTAM SODIUM|PIPERACILLIN SODIUM and TAZOBACTAM SODIUM|PMS-levofloxacin|Tigecycline for Injection|Vancomycin Hydrochloride for Injection USP|Voriconazole for Injection
Anti-Infective Agents, Local;Benzalkonium Chloride|Hydrogen Peroxide Solution 3%
Anti-Infective Agents, Urinary;PMS-levofloxacin
Anti-Inflammatory Agents;Beclomethasone Dipropionate Nasal Inhaler|Budesonide Inhalation|Dexamethasone Sodium Phosphate Injection Sdz|Dexamethasone Tablets|Hydrocortisone Sodium Succinate Injection|Ibuprofen Oral Suspension USP|Methylprednisolone Sodium Succinate for Injection
Anti-Inflammatory Agents, Non-Steroidal;Ibuprofen Oral Suspension USP
Antianginal Agents;Nitroglycerin Injection USP
Antiarrhythmic agents;Amiodarone Hydrochloride Injection|Lidocaine Hydrochloride Injection|Magnesium Sulfate Injection USP
Antiarrhythmics, Class I;Lidocaine Hydrochloride Injection
Antiarrhythmics, Class III;Amiodarone Hydrochloride Injection
Antiarrhythmics, Class Ib;Lidocaine Hydrochloride Injection
Antibacterials for Systemic Use;Amoxicillin Sodium and Potassium Clavulanate for Injection|Ampicillin Sodium and Sulbactam Sodium|Ampicillin Sodium and Sulbactam Sodium|Apo Sulfamethoxazole Tab 500mg|Azithromycin for Injection|Cefotaxime Sodium for Injection BP|Cefotaxime Sodium for Injection BP|Ceftriaxone Sodium for Injection|Clindamycin Phosphate Injection USP Liq|Erythromycin Lactobionate|Imipenem and Cilastatin for Injection|Linezolid Injection|Linezolid Tablets|Meropenem for Injection|PIPERACILLIN SODIUM and TAZOBACTAM SODIUM|PIPERACILLIN SODIUM and TAZOBACTAM SODIUM|PIPERACILLIN SODIUM and TAZOBACTAM SODIUM|PIPERACILLIN SODIUM and TAZOBACTAM SODIUM|PMS-levofloxacin|Tigecycline for Injection|Vancomycin Hydrochloride for Injection USP
Antibiotics for Pneumocystis Pneumonia;Apo Sulfamethoxazole Tab 500mg|Clindamycin Phosphate Injection USP Liq
Antibodies;Immune Globulin Intravenous (human) 5%
Anticholinergic Agents;Chlorpromazine Hydrochloride Injection|Phenobarbital Tablet 60mg|Promethazine Hydrochloride Injection USP|Promethazine hydrochloride|Vecuronium Bromide for Injection
Anticoagulants;Heparin Sodium Injection USP|Kinlytic (urokinase for Injection)
Anticonvulsants;Diazepam Injection Sdz|Jamp Levetiracetam Tablets|Magnesium Sulfate Injection USP|Phenobarbital Tablet 60mg
Antidepressive Agents;Chlorpromazine Hydrochloride Injection|Fentanyl Citrate Injection|Linezolid Injection|Linezolid Tablets|Promethazine Hydrochloride Injection USP|Promethazine hydrochloride
Antidiarrheals, Intestinal Antiinflammatory/antiinfective Agents;Beclomethasone Dipropionate Nasal Inhaler|Budesonide Inhalation|Montmorillonite|Vancomycin Hydrochloride for Injection USP
Antidiuretic Agents;Desmopressin Acetate
Antidotes;Montmorillonite|Promethazine Hydrochloride Injection USP|Promethazine hydrochloride
Antiemetics;Chlorpromazine Hydrochloride Injection|Dexamethasone Sodium Phosphate Injection Sdz|Dexamethasone Tablets
Antifibrinolytic Agents;Aminomethylbenzoic acid|Hydrogen Peroxide Solution 3%
Antifungal Agents;Caspofungin Acetate for Injection|Fluconazole In Sodium Chloride Injection USP|Fluconazole Injection|PHL-fluconazole|Voriconazole for Injection
Antifungals for Dermatological Use;Fluconazole In Sodium Chloride Injection USP|Fluconazole Injection|PHL-fluconazole
Antifungals for Topical Use;Fluconazole In Sodium Chloride Injection USP|Fluconazole Injection|PHL-fluconazole
Antigen Neutralization;Immune Globulin Intravenous (human) 5%
Antiheparin Agents;Protamine Sulfate Injection USP
Antihistamines for Systemic Use;Promethazine Hydrochloride Injection USP|Promethazine hydrochloride
Antihistamines for Topical Use;Promethazine Hydrochloride Injection USP|Promethazine hydrochloride
Antihypertensive Agents;Captopril Tablets|Furosemide Injection|Hydrochlorothiazide Tablets 50mg|Nitroglycerin Injection USP|Sodium Nitroprusside for Injection|Spironolactone
Antihypertensive Agents Indicated for Hypertension;Captopril Tablets|Furosemide Injection|Hydrochlorothiazide Tablets 50mg|Spironolactone
Antiinfectives and Antiseptics for Local Oral Treatment;Hydrogen Peroxide Solution 3%
Antiinfectives for Systemic Use;Amoxicillin Sodium and Potassium Clavulanate for Injection|Ampicillin Sodium and Sulbactam Sodium|Ampicillin Sodium and Sulbactam Sodium|Apo Sulfamethoxazole Tab 500mg|Azithromycin for Injection|Caspofungin Acetate for Injection|Cefotaxime Sodium for Injection BP|Cefotaxime Sodium for Injection BP|Ceftriaxone Sodium for Injection|Clindamycin Phosphate Injection USP Liq|Erythromycin Lactobionate|Fluconazole In Sodium Chloride Injection USP|Fluconazole Injection|Ganciclovir for Injection|Imipenem and Cilastatin for Injection|Linezolid Injection|Linezolid Tablets|Meropenem for Injection|Oseltamivir Phosphate Capsules|PHL-fluconazole|PIPERACILLIN SODIUM and TAZOBACTAM SODIUM|PIPERACILLIN SODIUM and TAZOBACTAM SODIUM|PIPERACILLIN SODIUM and TAZOBACTAM SODIUM|PIPERACILLIN SODIUM and TAZOBACTAM SODIUM|PMS-levofloxacin|Tigecycline for Injection|Vancomycin Hydrochloride for Injection USP|Voriconazole for Injection
Antiinfectives for Treatment of Acne;Clindamycin Phosphate Injection USP Liq|Erythromycin Lactobionate
Antiinflammatory Preparations, Non-Steroids for Topical Use;Ibuprofen Oral Suspension USP
Antiinflammatory Products for Vaginal Administration;Ibuprofen Oral Suspension USP
Antiinflammatory and Antirheumatic Products;Ibuprofen Oral Suspension USP
Antiinflammatory and Antirheumatic Products, Non-Steroids;Ibuprofen Oral Suspension USP
Antimetabolites;Cytarabine Injection
Antimycobacterials;Apo Sulfamethoxazole Tab 500mg
Antimycotics for Systemic Use;Caspofungin Acetate for Injection|Fluconazole In Sodium Chloride Injection USP|Fluconazole Injection|PHL-fluconazole|Voriconazole for Injection
Antineoplastic Agents;Cytarabine Injection|Dexamethasone Sodium Phosphate Injection Sdz|Dexamethasone Tablets|Methylprednisolone Sodium Succinate for Injection
Antineoplastic Agents, Hormonal;Dexamethasone Sodium Phosphate Injection Sdz|Dexamethasone Tablets|Methylprednisolone Sodium Succinate for Injection
Antineoplastic and Immunomodulating Agents;Cytarabine Injection
Antipruritics;Promethazine Hydrochloride Injection USP|Promethazine hydrochloride
Antipruritics and Local Anesthetics;Lidocaine Hydrochloride Injection
Antipruritics, Incl. Antihistamines, Anesthetics, Etc.;Lidocaine Hydrochloride Injection|Promethazine Hydrochloride Injection USP|Promethazine hydrochloride
Antipsychotic Agents;Chlorpromazine Hydrochloride Injection|Promethazine Hydrochloride Injection USP|Promethazine hydrochloride
Antipsychotic Agents (First Generation [Typical]);Chlorpromazine Hydrochloride Injection
Antirheumatic Agents;Ibuprofen Oral Suspension USP
Antiseptics and Disinfectants;Benzalkonium Chloride|Hydrogen Peroxide Solution 3%
Antivaricose Therapy;Heparin Sodium Injection USP
Antiviral Agents;Ganciclovir for Injection|Oseltamivir Phosphate Capsules
Antivirals for Systemic Use;Ganciclovir for Injection|Oseltamivir Phosphate Capsules
Arabinonucleosides;Cytarabine Injection
Arginine Vasopressin;Desmopressin Acetate
Arteriolar Smooth Muscle, Agents Acting On;Sodium Nitroprusside for Injection
Arylsulfonates;Calcium Acetate
Arylsulfonic Acids;Calcium Acetate
Autacoids;Alprostadil Injection USP
Autonomic Agents;Budesonide Inhalation|Chlorpromazine Hydrochloride Injection|Dexamethasone Sodium Phosphate Injection Sdz|Dexamethasone Tablets|Diazepam Injection Sdz|Norepinephrine Bitartrate Injection
Aza Compounds;PIPERACILLIN SODIUM and TAZOBACTAM SODIUM|PIPERACILLIN SODIUM and TAZOBACTAM SODIUM
Azabicyclo Compounds;PIPERACILLIN SODIUM and TAZOBACTAM SODIUM|PIPERACILLIN SODIUM and TAZOBACTAM SODIUM
Azole Antifungals;Fluconazole In Sodium Chloride Injection USP|Fluconazole Injection|PHL-fluconazole|Voriconazole for Injection
BCRP/ABCG2 Inducers;Cholesterol
BCRP/ABCG2 Inhibitors;Beclomethasone Dipropionate Nasal Inhaler|Caffeine Citrate Injection USP|Dexamethasone Sodium Phosphate Injection Sdz|Dexamethasone Tablets
BSEP/ABCB11 Inhibitors;Amiodarone Hydrochloride Injection|Apo Sulfamethoxazole Tab 500mg|Chlorpromazine Hydrochloride Injection|Erythromycin Lactobionate|Ursodeoxycholic acid
BSEP/ABCB11 Substrates;Amiodarone Hydrochloride Injection|Apo Sulfamethoxazole Tab 500mg|Budesonide Inhalation|Erythromycin Lactobionate|Spironolactone|Ursodeoxycholic acid
BSEP/ABCB11 Substrates with a Narrow Therapeutic Index;Amiodarone Hydrochloride Injection
BSEP/ABCB11 inducers;Dexamethasone Sodium Phosphate Injection Sdz|Dexamethasone Tablets|Phenobarbital Tablet 60mg|Ursodeoxycholic acid
Barbiturates;Phenobarbital Tablet 60mg
Barbiturates and Derivatives;Phenobarbital Tablet 60mg
Basic Ointments and Protectants;Vitamins A and D Rash|Vitamins A and D Rash
Benzalkonium Compounds;Benzalkonium Chloride
Benzazepines;Diazepam Injection Sdz
Benzene Derivatives;Calcium Acetate|Furosemide Injection|Norepinephrine Bitartrate Injection|Propofol Injectable Emulsion
Benzoates;Furosemide Injection
Benzodiazepine hypnotics and sedatives;Diazepam Injection Sdz|Midazolam Injection
Benzodiazepines and benzodiazepine derivatives;Diazepam Injection Sdz|Midazolam Injection
Benzodiazepinones;Diazepam Injection Sdz
Benzofurans;Amiodarone Hydrochloride Injection
Benzothiadiazines;Hydrochlorothiazide Tablets 50mg
Benzylammonium Compounds;Benzalkonium Chloride
Beta-Lactam Antibacterials;Amoxicillin Sodium and Potassium Clavulanate for Injection|Ampicillin Sodium and Sulbactam Sodium|Ampicillin Sodium and Sulbactam Sodium|Imipenem and Cilastatin for Injection|PIPERACILLIN SODIUM and TAZOBACTAM SODIUM|PIPERACILLIN SODIUM and TAZOBACTAM SODIUM|PIPERACILLIN SODIUM and TAZOBACTAM SODIUM|PIPERACILLIN SODIUM and TAZOBACTAM SODIUM
Bicarbonates;Sodium Bicarbonate Injection
Bile Acid Preparations;Ursodeoxycholic acid
Bile Acids and Salts;Ursodeoxycholic acid
Bile Therapy;Ursodeoxycholic acid
Bile acids and derivatives;Ursodeoxycholic acid
Bile and Liver Therapy;Ursodeoxycholic acid
Biogenic Amines;Norepinephrine Bitartrate Injection
Biogenic Monoamines;Norepinephrine Bitartrate Injection
Biological Factors;Alprostadil Injection USP|Calcium|Kinlytic (urokinase for Injection)
Blood Coagulation Factors;Calcium
Blood Derivatives;Albumin (Human)
Blood Glucose Lowering Agents;Apo Sulfamethoxazole Tab 500mg
Blood Proteins;Albumin (Human)|Hemoglobin|Immune Globulin Intravenous (human) 5%|Kinlytic (urokinase for Injection)
Blood Substitutes and Perfusion Solutions;0.9% Sodium Chloride Injection|Albumin (Human)|Calcium Chloride Injection BP|Magnesium Sulfate Injection USP|Mannitol Injection USP|Potassium Chloride Injection|Potassium Chloride Injection|Potassium Chloride for Oral Solution|Sodium Bicarbonate Injection|Sodium Chloride Inhalation Solution|Sodium glycerophosphate
Blood Substitutes and Plasma Protein Fractions;Albumin (Human)
Blood and Blood Forming Organs;0.9% Sodium Chloride Injection|Albumin (Human)|Aminomethylbenzoic acid|Calcium Chloride Injection BP|Heparin Sodium Injection USP|Kinlytic (urokinase for Injection)|Magnesium Sulfate Injection USP|Mannitol Injection USP|Potassium Chloride Injection|Potassium Chloride Injection|Potassium Chloride for Oral Solution|Sodium Bicarbonate Injection|Sodium Chloride Inhalation Solution|Sodium glycerophosphate
Blood and Related Products;Albumin (Human)
Bradycardia-Causing Agents;Amiodarone Hydrochloride Injection|Dexmedetomidine Hydrochloride Injection|Fentanyl Citrate Injection|Magnesium Sulfate Injection USP
Bronchodilator Agents;Budesonide Inhalation
COMT Substrates;Norepinephrine Bitartrate Injection
COX-1 Inhibitors;Ibuprofen Oral Suspension USP
COX-2 Inhibitors;Ibuprofen Oral Suspension USP
Caffeine and Caffeine Containing Products;Caffeine Citrate Injection USP
Calcium Channel Blockers;Amiodarone Hydrochloride Injection|Magnesium Sulfate Injection USP
Calcium Compounds;Calcium|Calcium Chloride Injection BP
Calcium Salts;Calcium|Calcium|Calcium Acetate|Calcium Chloride Injection BP|Calcium Gluconate Injection USP
Calcium-Regulating Hormones and Agents;Calcium|Magnesium Sulfate Injection USP
Carbapenems;Imipenem and Cilastatin for Injection|Meropenem for Injection
Carbohydrates;Calcium Gluconate Injection USP|Heparin Sodium Injection USP|Lactulose Solution|Mannitol Injection USP|Mucopolysaccharide polysulphate|Sodium glycerophosphate|Vancomycin Hydrochloride for Injection USP
Carbon Compounds, Inorganic;Calcium|Sodium Bicarbonate Injection
Carbonates;Calcium|Sodium Bicarbonate Injection
Carbonic Acid;Calcium|Sodium Bicarbonate Injection
Cardiac Function;Albumin (Human)
Cardiac Stimulants Excl. Cardiac Glycosides;Milrinone Lactate Injection|Norepinephrine Bitartrate Injection
Cardiac Therapy;Alprostadil Injection USP|Amiodarone Hydrochloride Injection|Lidocaine Hydrochloride Injection|Milrinone Lactate Injection|Nitroglycerin Injection USP|Norepinephrine Bitartrate Injection
Cardiotonic Agents;Milrinone Lactate Injection
Cardiotoxic antineoplastic agents;Cytarabine Injection
Cardiovascular Agents;Alprostadil Injection USP|Amiodarone Hydrochloride Injection|Captopril Tablets|Desmopressin Acetate|Furosemide Injection|Heparin Sodium Injection USP|Hydrochlorothiazide Tablets 50mg|Lidocaine Hydrochloride Injection|Magnesium Sulfate Injection USP|Milrinone Lactate Injection|Nitroglycerin Injection USP|Norepinephrine Bitartrate Injection|Sildenafil Citrate|Sodium Nitroprusside for Injection|Spironolactone
Catecholamines;Norepinephrine Bitartrate Injection
Catechols;Norepinephrine Bitartrate Injection
Central Nervous System Agents;Apo-chloral Hydrate Syrup|Caffeine Citrate Injection USP|Chlorpromazine Hydrochloride Injection|Dexamethasone Sodium Phosphate Injection Sdz|Dexamethasone Tablets|Dexmedetomidine Hydrochloride Injection|Diazepam Injection Sdz|Fentanyl Citrate Injection|Ibuprofen Oral Suspension USP|Jamp Levetiracetam Tablets|Lidocaine Hydrochloride Injection|Magnesium Sulfate Injection USP|Methylprednisolone Sodium Succinate for Injection|Midazolam Injection|Phenobarbital Tablet 60mg|Propofol Injectable Emulsion
Central Nervous System Depressants;Apo-chloral Hydrate Syrup|Chlorpromazine Hydrochloride Injection|Dexmedetomidine Hydrochloride Injection|Diazepam Injection Sdz|Fentanyl Citrate Injection|Jamp Levetiracetam Tablets|Lidocaine Hydrochloride Injection|Linezolid Injection|Linezolid Tablets|Magnesium Sulfate Injection USP|Midazolam Injection|Phenobarbital Tablet 60mg|Promethazine Hydrochloride Injection USP|Promethazine hydrochloride|Propofol Injectable Emulsion|Vecuronium Bromide for Injection
Central Nervous System Stimulants;Caffeine Citrate Injection USP
Central Nervous System Stimulation;Caffeine Citrate Injection USP
Central alpha-2 Adrenergic Agonist;Dexmedetomidine Hydrochloride Injection
Cephacetrile;Cefotaxime Sodium for Injection BP|Cefotaxime Sodium for Injection BP|Ceftriaxone Sodium for Injection
Cephalosporins;Cefotaxime Sodium for Injection BP|Cefotaxime Sodium for Injection BP|Ceftriaxone Sodium for Injection
Chelating Agents;Calcium Acetate
Chemically-Induced Disorders;Phenobarbital Tablet 60mg|Voriconazole for Injection
Chlorides;0.9% Sodium Chloride Injection|Calcium Chloride Injection BP|Potassium Chloride Injection|Potassium Chloride Injection|Potassium Chloride for Oral Solution|Sodium Chloride Inhalation Solution
Chlorine Compounds;0.9% Sodium Chloride Injection|Calcium Chloride Injection BP|Potassium Chloride Injection|Potassium Chloride Injection|Potassium Chloride for Oral Solution|Sodium Chloride Inhalation Solution
Cholagogues and Choleretics;Ursodeoxycholic acid
Cholanes;Ursodeoxycholic acid
Cholelitholytic Agents;Ursodeoxycholic acid
Cholestanes;Cholesterol
Cholestenes;Cholesterol
Cholic Acids;Ursodeoxycholic acid
Cholinergic Agents;Vecuronium Bromide for Injection
Cholinesterase Inhibitors;Chlorpromazine Hydrochloride Injection
Coagulants;Desmopressin Acetate
Compounds used in a research, industrial, or household setting;Benzalkonium Chloride|Calcium Acetate|Hydrogen Peroxide Solution 3%|Mannitol Injection USP|Methylprednisolone Sodium Succinate for Injection|Milrinone Lactate Injection|Montmorillonite|Nitroglycerin Injection USP|Sodium Nitroprusside for Injection|Vitamins A and D Rash|Vitamins A and D Rash
Corticosteroid Hormone Receptor Agonists;Beclomethasone Dipropionate Nasal Inhaler|Budesonide Inhalation|Dexamethasone Sodium Phosphate Injection Sdz|Dexamethasone Tablets
Corticosteroids;Beclomethasone Dipropionate Nasal Inhaler|Budesonide Inhalation|Dexamethasone Sodium Phosphate Injection Sdz|Dexamethasone Tablets|Hydrocortisone Sodium Succinate Injection|Methylprednisolone Sodium Succinate for Injection
Corticosteroids Acting Locally;Beclomethasone Dipropionate Nasal Inhaler|Budesonide Inhalation
Corticosteroids for Local Oral Treatment;Dexamethasone Sodium Phosphate Injection Sdz|Dexamethasone Tablets
Corticosteroids for Systemic Use;Budesonide Inhalation|Dexamethasone Sodium Phosphate Injection Sdz|Dexamethasone Tablets
Corticosteroids for Systemic Use, Plain;Dexamethasone Sodium Phosphate Injection Sdz|Dexamethasone Tablets
Corticosteroids, Dermatological Preparations;Beclomethasone Dipropionate Nasal Inhaler|Budesonide Inhalation|Dexamethasone Sodium Phosphate Injection Sdz|Dexamethasone Tablets
Corticosteroids, Moderately Potent (Group II);Dexamethasone Sodium Phosphate Injection Sdz|Dexamethasone Tablets
Corticosteroids, Potent (Group III);Beclomethasone Dipropionate Nasal Inhaler|Budesonide Inhalation
Cosmetics;Vitamins A and D Rash
Cough and Cold Preparations;Mannitol Injection USP
Cyanides;Sodium Nitroprusside for Injection
Cyclooxygenase Inhibitors;Ibuprofen Oral Suspension USP
Cycloparaffins;Imipenem and Cilastatin for Injection
Cyclopropanes;Imipenem and Cilastatin for Injection
Cytidine Deaminase Substrates;Cytarabine Injection
Cytochrome P-450 CYP1A2 Inducers;Phenobarbital Tablet 60mg
Cytochrome P-450 CYP1A2 Inducers (strength unknown);Phenobarbital Tablet 60mg
Cytochrome P-450 CYP1A2 Inhibitors;Amiodarone Hydrochloride Injection|Caffeine Citrate Injection USP|Dexmedetomidine Hydrochloride Injection|Lidocaine Hydrochloride Injection|PMS-levofloxacin|Propofol Injectable Emulsion
Cytochrome P-450 CYP1A2 Inhibitors (moderate);Caffeine Citrate Injection USP|Lidocaine Hydrochloride Injection
Cytochrome P-450 CYP1A2 Inhibitors (strength unknown);Amiodarone Hydrochloride Injection|Caffeine Citrate Injection USP|Dexmedetomidine Hydrochloride Injection|PMS-levofloxacin|Propofol Injectable Emulsion
Cytochrome P-450 CYP1A2 Inhibitors (strong);Amiodarone Hydrochloride Injection
Cytochrome P-450 CYP1A2 Substrates;Caffeine Citrate Injection USP|Chlorpromazine Hydrochloride Injection|Lidocaine Hydrochloride Injection
Cytochrome P-450 CYP2A6 Inducers;Budesonide Inhalation|Dexamethasone Sodium Phosphate Injection Sdz|Dexamethasone Tablets|Phenobarbital Tablet 60mg
Cytochrome P-450 CYP2A6 Inhibitors;Amiodarone Hydrochloride Injection
Cytochrome P-450 CYP2A6 Inhibitors (moderate);Amiodarone Hydrochloride Injection
Cytochrome P-450 CYP2A6 Substrates;Lidocaine Hydrochloride Injection
Cytochrome P-450 CYP2B6 Inducers;Budesonide Inhalation|Dexamethasone Sodium Phosphate Injection Sdz|Dexamethasone Tablets|Phenobarbital Tablet 60mg
Cytochrome P-450 CYP2B6 Inducers (strength unknown);Budesonide Inhalation|Dexamethasone Sodium Phosphate Injection Sdz|Dexamethasone Tablets
Cytochrome P-450 CYP2B6 Inducers (strong);Phenobarbital Tablet 60mg
Cytochrome P-450 CYP2B6 Inhibitors;Voriconazole for Injection
Cytochrome P-450 CYP2B6 Inhibitors (moderate);Voriconazole for Injection
Cytochrome P-450 CYP2B6 Substrates;Diazepam Injection Sdz|Lidocaine Hydrochloride Injection|Promethazine Hydrochloride Injection USP|Promethazine hydrochloride|Propofol Injectable Emulsion
Cytochrome P-450 CYP2C18 Substrates;Diazepam Injection Sdz|Lidocaine Hydrochloride Injection|Phenobarbital Tablet 60mg|Propofol Injectable Emulsion
Cytochrome P-450 CYP2C18 Substrates with a Narrow Therapeutic Index;Phenobarbital Tablet 60mg
Cytochrome P-450 CYP2C19 Inducers;Budesonide Inhalation|Dexamethasone Sodium Phosphate Injection Sdz|Dexamethasone Tablets|Phenobarbital Tablet 60mg
Cytochrome P-450 CYP2C19 Inducers (strength unknown);Budesonide Inhalation|Dexamethasone Sodium Phosphate Injection Sdz|Dexamethasone Tablets|Phenobarbital Tablet 60mg
Cytochrome P-450 CYP2C19 Inhibitors;Amiodarone Hydrochloride Injection|Diazepam Injection Sdz|Fluconazole In Sodium Chloride Injection USP|Fluconazole Injection|PHL-fluconazole|Sildenafil Citrate|Voriconazole for Injection
Cytochrome P-450 CYP2C19 Inhibitors (weak);Amiodarone Hydrochloride Injection|Sildenafil Citrate|Voriconazole for Injection
Cytochrome P-450 CYP2C19 Substrates;Amiodarone Hydrochloride Injection|Diazepam Injection Sdz|Ibuprofen Oral Suspension USP|Phenobarbital Tablet 60mg|Propofol Injectable Emulsion|Sildenafil Citrate|Voriconazole for Injection
Cytochrome P-450 CYP2C19 Substrates with a Narrow Therapeutic Index;Amiodarone Hydrochloride Injection|Phenobarbital Tablet 60mg
Cytochrome P-450 CYP2C19 inhibitors (strength unknown);Amiodarone Hydrochloride Injection|Diazepam Injection Sdz|Fluconazole In Sodium Chloride Injection USP|Fluconazole Injection|PHL-fluconazole
Cytochrome P-450 CYP2C8 Inducers;Budesonide Inhalation|Dexamethasone Sodium Phosphate Injection Sdz|Dexamethasone Tablets|Hydrocortisone Sodium Succinate Injection|Phenobarbital Tablet 60mg
Cytochrome P-450 CYP2C8 Inducers (strength unknown);Budesonide Inhalation|Dexamethasone Sodium Phosphate Injection Sdz|Dexamethasone Tablets|Hydrocortisone Sodium Succinate Injection|Phenobarbital Tablet 60mg
Cytochrome P-450 CYP2C8 Inducers (strong);Phenobarbital Tablet 60mg
Cytochrome P-450 CYP2C8 Inhibitors;Amoxicillin Sodium and Potassium Clavulanate for Injection|Levothyroxine Sodium|Spironolactone
Cytochrome P-450 CYP2C8 Inhibitors (moderate);Levothyroxine Sodium|Spironolactone
Cytochrome P-450 CYP2C8 Inhibitors (weak);Amoxicillin Sodium and Potassium Clavulanate for Injection
Cytochrome P-450 CYP2C8 Substrates;Amiodarone Hydrochloride Injection|Caffeine Citrate Injection USP|Diazepam Injection Sdz|Ibuprofen Oral Suspension USP|Lidocaine Hydrochloride Injection|Propofol Injectable Emulsion
Cytochrome P-450 CYP2C8 Substrates with a Narrow Therapeutic Index;Amiodarone Hydrochloride Injection
Cytochrome P-450 CYP2C9 Inducers;Budesonide Inhalation|Phenobarbital Tablet 60mg
Cytochrome P-450 CYP2C9 Inducers (strength unknown);Budesonide Inhalation|Phenobarbital Tablet 60mg
Cytochrome P-450 CYP2C9 Inhibitors;Amiodarone Hydrochloride Injection|Apo Sulfamethoxazole Tab 500mg|Fluconazole In Sodium Chloride Injection USP|Fluconazole Injection|PHL-fluconazole|PMS-levofloxacin|Promethazine Hydrochloride Injection USP|Promethazine hydrochloride|Sildenafil Citrate|Voriconazole for Injection
Cytochrome P-450 CYP2C9 Inhibitors (moderate);Amiodarone Hydrochloride Injection
Cytochrome P-450 CYP2C9 Inhibitors (strength unknown);Apo Sulfamethoxazole Tab 500mg|PMS-levofloxacin|Promethazine Hydrochloride Injection USP|Promethazine hydrochloride
Cytochrome P-450 CYP2C9 Inhibitors (strong);Fluconazole In Sodium Chloride Injection USP|Fluconazole Injection|PHL-fluconazole
Cytochrome P-450 CYP2C9 Inhibitors (weak);Sildenafil Citrate|Voriconazole for Injection
Cytochrome P-450 CYP2C9 Substrates;Apo Sulfamethoxazole Tab 500mg|Caffeine Citrate Injection USP|Diazepam Injection Sdz|Ibuprofen Oral Suspension USP|Lidocaine Hydrochloride Injection|Phenobarbital Tablet 60mg|Propofol Injectable Emulsion|Sildenafil Citrate|Voriconazole for Injection
Cytochrome P-450 CYP2C9 Substrates with a Narrow Therapeutic Index;Phenobarbital Tablet 60mg
Cytochrome P-450 CYP2D6 Inhibitors;Amiodarone Hydrochloride Injection|Chlorpromazine Hydrochloride Injection|Dexmedetomidine Hydrochloride Injection|Lidocaine Hydrochloride Injection|Promethazine Hydrochloride Injection USP|Promethazine hydrochloride
Cytochrome P-450 CYP2D6 Inhibitors (moderate);Chlorpromazine Hydrochloride Injection
Cytochrome P-450 CYP2D6 Inhibitors (strength unknown);Chlorpromazine Hydrochloride Injection|Dexmedetomidine Hydrochloride Injection|Lidocaine Hydrochloride Injection|Promethazine Hydrochloride Injection USP|Promethazine hydrochloride
Cytochrome P-450 CYP2D6 Inhibitors (weak);Amiodarone Hydrochloride Injection
Cytochrome P-450 CYP2D6 Substrates;Caffeine Citrate Injection USP|Chlorpromazine Hydrochloride Injection|Lidocaine Hydrochloride Injection|Promethazine Hydrochloride Injection USP|Promethazine hydrochloride|Sildenafil Citrate
Cytochrome P-450 CYP2E1 Inducers;Dexamethasone Sodium Phosphate Injection Sdz|Dexamethasone Tablets|Phenobarbital Tablet 60mg
Cytochrome P-450 CYP2E1 Inducers (strength unknown);Dexamethasone Sodium Phosphate Injection Sdz|Dexamethasone Tablets|Phenobarbital Tablet 60mg
Cytochrome P-450 CYP2E1 Inducers (weak);Phenobarbital Tablet 60mg
Cytochrome P-450 CYP2E1 Inhibitors;Chlorpromazine Hydrochloride Injection|Diazepam Injection Sdz|Propofol Injectable Emulsion|Sildenafil Citrate
Cytochrome P-450 CYP2E1 Inhibitors (strength unknown);Chlorpromazine Hydrochloride Injection|Diazepam Injection Sdz|Propofol Injectable Emulsion|Sildenafil Citrate
Cytochrome P-450 CYP2E1 Substrates;Caffeine Citrate Injection USP|Dexmedetomidine Hydrochloride Injection|Phenobarbital Tablet 60mg|Sildenafil Citrate
Cytochrome P-450 CYP2E1 Substrates with a Narrow Therapeutic Index;Phenobarbital Tablet 60mg
Cytochrome P-450 CYP3A Inducers;Beclomethasone Dipropionate Nasal Inhaler|Budesonide Inhalation|Chlorpromazine Hydrochloride Injection|Dexamethasone Sodium Phosphate Injection Sdz|Dexamethasone Tablets|Hydrocortisone Sodium Succinate Injection|Methylprednisolone Sodium Succinate for Injection|Phenobarbital Tablet 60mg|Ursodeoxycholic acid
Cytochrome P-450 CYP3A Inducers (strong);Dexamethasone Sodium Phosphate Injection Sdz|Dexamethasone Tablets|Phenobarbital Tablet 60mg
Cytochrome P-450 CYP3A Inhibitors;Amiodarone Hydrochloride Injection|Apo Sulfamethoxazole Tab 500mg|Azithromycin for Injection|Caspofungin Acetate for Injection|Clindamycin Phosphate Injection USP Liq|Dexamethasone Sodium Phosphate Injection Sdz|Dexamethasone Tablets|Diazepam Injection Sdz|Erythromycin Lactobionate|Fluconazole In Sodium Chloride Injection USP|Fluconazole Injection|Midazolam Injection|PHL-fluconazole|Propofol Injectable Emulsion|Voriconazole for Injection
Cytochrome P-450 CYP3A Substrates;Amiodarone Hydrochloride Injection|Apo Sulfamethoxazole Tab 500mg|Azithromycin for Injection|Beclomethasone Dipropionate Nasal Inhaler|Budesonide Inhalation|Caffeine Citrate Injection USP|Chlorpromazine Hydrochloride Injection|Clindamycin Phosphate Injection USP Liq|Cytarabine Injection|Dexamethasone Sodium Phosphate Injection Sdz|Dexamethasone Tablets|Diazepam Injection Sdz|Erythromycin Lactobionate|Fentanyl Citrate Injection|Hydrocortisone Sodium Succinate Injection|Ibuprofen Oral Suspension USP|Lidocaine Hydrochloride Injection|Midazolam Injection|Sildenafil Citrate|Voriconazole for Injection
Cytochrome P-450 CYP3A4 Inducers;Beclomethasone Dipropionate Nasal Inhaler|Budesonide Inhalation|Chlorpromazine Hydrochloride Injection|Dexamethasone Sodium Phosphate Injection Sdz|Dexamethasone Tablets|Hydrocortisone Sodium Succinate Injection|Methylprednisolone Sodium Succinate for Injection|Phenobarbital Tablet 60mg
Cytochrome P-450 CYP3A4 Inducers (moderate);Dexamethasone Sodium Phosphate Injection Sdz|Dexamethasone Tablets
Cytochrome P-450 CYP3A4 Inducers (strength unknown);Beclomethasone Dipropionate Nasal Inhaler|Budesonide Inhalation|Chlorpromazine Hydrochloride Injection|Hydrocortisone Sodium Succinate Injection|Methylprednisolone Sodium Succinate for Injection
Cytochrome P-450 CYP3A4 Inducers (strong);Dexamethasone Sodium Phosphate Injection Sdz|Dexamethasone Tablets|Phenobarbital Tablet 60mg
Cytochrome P-450 CYP3A4 Inhibitors;Amiodarone Hydrochloride Injection|Apo Sulfamethoxazole Tab 500mg|Azithromycin for Injection|Caspofungin Acetate for Injection|Clindamycin Phosphate Injection USP Liq|Dexamethasone Sodium Phosphate Injection Sdz|Dexamethasone Tablets|Diazepam Injection Sdz|Erythromycin Lactobionate|Fluconazole In Sodium Chloride Injection USP|Fluconazole Injection|Midazolam Injection|PHL-fluconazole|Propofol Injectable Emulsion|Voriconazole for Injection
Cytochrome P-450 CYP3A4 Inhibitors (moderate);Clindamycin Phosphate Injection USP Liq|Erythromycin Lactobionate|Fluconazole In Sodium Chloride Injection USP|Fluconazole Injection|PHL-fluconazole|Voriconazole for Injection
Cytochrome P-450 CYP3A4 Inhibitors (strength unknown);Amiodarone Hydrochloride Injection|Apo Sulfamethoxazole Tab 500mg|Azithromycin for Injection|Caspofungin Acetate for Injection|Diazepam Injection Sdz|Midazolam Injection
Cytochrome P-450 CYP3A4 Inhibitors (strong);Amiodarone Hydrochloride Injection|Voriconazole for Injection
Cytochrome P-450 CYP3A4 Inhibitors (weak);Dexamethasone Sodium Phosphate Injection Sdz|Dexamethasone Tablets|Propofol Injectable Emulsion
Cytochrome P-450 CYP3A4 Substrates;Amiodarone Hydrochloride Injection|Apo Sulfamethoxazole Tab 500mg|Azithromycin for Injection|Beclomethasone Dipropionate Nasal Inhaler|Budesonide Inhalation|Caffeine Citrate Injection USP|Chlorpromazine Hydrochloride Injection|Clindamycin Phosphate Injection USP Liq|Cytarabine Injection|Dexamethasone Sodium Phosphate Injection Sdz|Dexamethasone Tablets|Diazepam Injection Sdz|Erythromycin Lactobionate|Fentanyl Citrate Injection|Hydrocortisone Sodium Succinate Injection|Ibuprofen Oral Suspension USP|Lidocaine Hydrochloride Injection|Midazolam Injection|Sildenafil Citrate|Voriconazole for Injection
Cytochrome P-450 CYP3A4 Substrates (strength unknown);Amiodarone Hydrochloride Injection|Azithromycin for Injection|Chlorpromazine Hydrochloride Injection
Cytochrome P-450 CYP3A4 Substrates with a Narrow Therapeutic Index;Amiodarone Hydrochloride Injection|Cytarabine Injection
Cytochrome P-450 CYP3A5 Inducers;Beclomethasone Dipropionate Nasal Inhaler|Budesonide Inhalation|Dexamethasone Sodium Phosphate Injection Sdz|Dexamethasone Tablets|Methylprednisolone Sodium Succinate for Injection|Phenobarbital Tablet 60mg
Cytochrome P-450 CYP3A5 Inducers (moderate);Budesonide Inhalation|Dexamethasone Sodium Phosphate Injection Sdz|Dexamethasone Tablets
Cytochrome P-450 CYP3A5 Inducers (strength unknown);Beclomethasone Dipropionate Nasal Inhaler|Methylprednisolone Sodium Succinate for Injection
Cytochrome P-450 CYP3A5 Inducers (strong);Phenobarbital Tablet 60mg
Cytochrome P-450 CYP3A5 Inhibitors;Erythromycin Lactobionate|Fluconazole In Sodium Chloride Injection USP|Fluconazole Injection|PHL-fluconazole|Voriconazole for Injection
Cytochrome P-450 CYP3A5 Inhibitors (moderate);Erythromycin Lactobionate
Cytochrome P-450 CYP3A5 Inhibitors (strong);Voriconazole for Injection
Cytochrome P-450 CYP3A5 Inhibitors (weak);Fluconazole In Sodium Chloride Injection USP|Fluconazole Injection|PHL-fluconazole
Cytochrome P-450 CYP3A5 Substrates;Clindamycin Phosphate Injection USP Liq|Dexamethasone Sodium Phosphate Injection Sdz|Dexamethasone Tablets|Diazepam Injection Sdz|Erythromycin Lactobionate|Lidocaine Hydrochloride Injection|Midazolam Injection|Sildenafil Citrate|Voriconazole for Injection
Cytochrome P-450 CYP3A7 Inducers;Dexamethasone Sodium Phosphate Injection Sdz|Dexamethasone Tablets|Phenobarbital Tablet 60mg
Cytochrome P-450 CYP3A7 Inducers (strength unknown);Dexamethasone Sodium Phosphate Injection Sdz|Dexamethasone Tablets|Phenobarbital Tablet 60mg
Cytochrome P-450 CYP3A7 Inhibitors;Erythromycin Lactobionate|Voriconazole for Injection
Cytochrome P-450 CYP3A7 Inhibitors (moderate);Erythromycin Lactobionate
Cytochrome P-450 CYP3A7 Inhibitors (strong);Voriconazole for Injection
Cytochrome P-450 CYP3A7 Substrates;Dexamethasone Sodium Phosphate Injection Sdz|Dexamethasone Tablets|Diazepam Injection Sdz|Erythromycin Lactobionate|Fentanyl Citrate Injection|Lidocaine Hydrochloride Injection|Midazolam Injection|Sildenafil Citrate|Voriconazole for Injection
Cytochrome P-450 Enzyme Inducers;Beclomethasone Dipropionate Nasal Inhaler|Budesonide Inhalation|Chlorpromazine Hydrochloride Injection|Dexamethasone Sodium Phosphate Injection Sdz|Dexamethasone Tablets|Hydrocortisone Sodium Succinate Injection|Methylprednisolone Sodium Succinate for Injection|Phenobarbital Tablet 60mg|Ursodeoxycholic acid
Cytochrome P-450 Enzyme Inhibitors;Amiodarone Hydrochloride Injection|Amoxicillin Sodium and Potassium Clavulanate for Injection|Apo Sulfamethoxazole Tab 500mg|Azithromycin for Injection|Caffeine Citrate Injection USP|Caspofungin Acetate for Injection|Chlorpromazine Hydrochloride Injection|Clindamycin Phosphate Injection USP Liq|Dexamethasone Sodium Phosphate Injection Sdz|Dexamethasone Tablets|Dexmedetomidine Hydrochloride Injection|Diazepam Injection Sdz|Erythromycin Lactobionate|Fluconazole In Sodium Chloride Injection USP|Fluconazole Injection|Ibuprofen Oral Suspension USP|Levothyroxine Sodium|Lidocaine Hydrochloride Injection|Midazolam Injection|PHL-fluconazole|PMS-levofloxacin|Promethazine Hydrochloride Injection USP|Promethazine hydrochloride|Propofol Injectable Emulsion|Sildenafil Citrate|Spironolactone|Voriconazole for Injection
Cytochrome P-450 Substrates;Amiodarone Hydrochloride Injection|Apo Sulfamethoxazole Tab 500mg|Azithromycin for Injection|Beclomethasone Dipropionate Nasal Inhaler|Budesonide Inhalation|Caffeine Citrate Injection USP|Chlorpromazine Hydrochloride Injection|Clindamycin Phosphate Injection USP Liq|Cytarabine Injection|Dexamethasone Sodium Phosphate Injection Sdz|Dexamethasone Tablets|Dexmedetomidine Hydrochloride Injection|Diazepam Injection Sdz|Erythromycin Lactobionate|Fentanyl Citrate Injection|Hydrocortisone Sodium Succinate Injection|Ibuprofen Oral Suspension USP|Lidocaine Hydrochloride Injection|Midazolam Injection|Phenobarbital Tablet 60mg|Promethazine Hydrochloride Injection USP|Promethazine hydrochloride|Propofol Injectable Emulsion|Sildenafil Citrate|Voriconazole for Injection
Cytomegalovirus Nucleoside Analog DNA Polymerase Inhibitor;Ganciclovir for Injection
Decreased Central Nervous System Disorganized Electrical Activity;Jamp Levetiracetam Tablets
Decreased Sebaceous Gland Activity;Clindamycin Phosphate Injection USP Liq
Dermatologicals;Beclomethasone Dipropionate Nasal Inhaler|Benzalkonium Chloride|Budesonide Inhalation|Caffeine Citrate Injection USP|Calcium Gluconate Injection USP|Clindamycin Phosphate Injection USP Liq|Dexamethasone Sodium Phosphate Injection Sdz|Dexamethasone Tablets|Erythromycin Lactobionate|Fluconazole In Sodium Chloride Injection USP|Fluconazole Injection|Hydrogen Peroxide Solution 3%|Lidocaine Hydrochloride Injection|Magnesium Sulfate Injection USP|PHL-fluconazole|Promethazine Hydrochloride Injection USP|Promethazine hydrochloride|Vitamins A and D Rash
Detergents;Benzalkonium Chloride
Diagnostic Agents;Caffeine Citrate Injection USP|Magnesium Sulfate Injection USP|Mannitol Injection USP
Diet, Food, and Nutrition;Mannitol Injection USP
Diluents;0.9% Sodium Chloride Injection|Albumin (Human)|Sodium Chloride Inhalation Solution|Sterile Water for Injection
Dipeptidase Inhibitors;Imipenem and Cilastatin for Injection
Direct Acting Antivirals;Ganciclovir for Injection|Oseltamivir Phosphate Capsules
Direct Vasodilators;Sodium Nitroprusside for Injection
Disaccharides;Lactulose Solution
Disinfectants (For Agents Used on Object);Benzalkonium Chloride
Diuretics;Furosemide Injection|Hydrochlorothiazide Tablets 50mg|Mannitol Injection USP|Spironolactone
Diuretics, Osmotic;Mannitol Injection USP
Dopamine Agents;Chlorpromazine Hydrochloride Injection
Dopamine Antagonists;Chlorpromazine Hydrochloride Injection|Promethazine Hydrochloride Injection USP|Promethazine hydrochloride
Dopamine D2 Receptor Antagonists;Chlorpromazine Hydrochloride Injection|Promethazine Hydrochloride Injection USP|Promethazine hydrochloride
Drugs Affecting Bone Structure and Mineralization;Calcium
Drugs Used in Erectile Dysfunction;Alprostadil Injection USP|Sildenafil Citrate
Drugs causing inadvertant photosensitivity;Amiodarone Hydrochloride Injection|Apo Sulfamethoxazole Tab 500mg|Azithromycin for Injection|Captopril Tablets|Chlorpromazine Hydrochloride Injection|Furosemide Injection|Hydrochlorothiazide Tablets 50mg|PMS-levofloxacin|Promethazine Hydrochloride Injection USP|Promethazine hydrochloride|Voriconazole for Injection
Drugs for Acid Related Disorders;Amoxicillin Sodium and Potassium Clavulanate for Injection|Calcium
Drugs for Constipation;Lactulose Solution|Magnesium Sulfate Injection USP|Mannitol Injection USP
Drugs for Obstructive Airway Diseases;Beclomethasone Dipropionate Nasal Inhaler|Budesonide Inhalation|Caffeine Citrate Injection USP
Drugs for Peptic Ulcer and Gastro-Oesophageal Reflux Disease (Gord);Amoxicillin Sodium and Potassium Clavulanate for Injection
Drugs for Treatment of Bone Diseases;Calcium
Drugs for Treatment of Hyperkalemia and Hyperphosphatemia;Calcium Acetate
Drugs for Treatment of Tuberculosis;Apo Sulfamethoxazole Tab 500mg
Drugs that are Mainly Renally Excreted;Amoxicillin Sodium and Potassium Clavulanate for Injection|Ampicillin Sodium and Sulbactam Sodium|Ampicillin Sodium and Sulbactam Sodium|Apo Sulfamethoxazole Tab 500mg|Apo-chloral Hydrate Syrup|Budesonide Inhalation|Ceftriaxone Sodium for Injection|Chlorpromazine Hydrochloride Injection|Desmopressin Acetate|Dexmedetomidine Hydrochloride Injection|Diazepam Injection Sdz|Fentanyl Citrate Injection|Fluconazole In Sodium Chloride Injection USP|Fluconazole Injection|Furosemide Injection|Ganciclovir for Injection|Ibuprofen Oral Suspension USP|Mannitol Injection USP|Meropenem for Injection|Midazolam Injection|Milrinone Lactate Injection|Oseltamivir Phosphate Capsules|PHL-fluconazole|PIPERACILLIN SODIUM and TAZOBACTAM SODIUM|PIPERACILLIN SODIUM and TAZOBACTAM SODIUM|PMS-levofloxacin|Potassium Chloride Injection|Potassium Chloride Injection|Potassium Chloride for Oral Solution|Promethazine Hydrochloride Injection USP|Promethazine hydrochloride|Sodium Nitroprusside for Injection|Vancomycin Hydrochloride for Injection USP
Drugs that are Mainly Renally Excreted with a Narrow Therapeutic Index;Vancomycin Hydrochloride for Injection USP
EENT Drugs, Miscellaneous;0.9% Sodium Chloride Injection|Sodium Chloride Inhalation Solution|Sterile Water for Injection
Echinocandin Antifungal;Caspofungin Acetate for Injection
Echinocandins;Caspofungin Acetate for Injection
Eicosanoids;Alprostadil Injection USP
Electrolyte Solutions;0.9% Sodium Chloride Injection|Calcium Chloride Injection BP|Magnesium Sulfate Injection USP|Potassium Chloride Injection|Potassium Chloride Injection|Potassium Chloride for Oral Solution|Sodium Bicarbonate Injection|Sodium Chloride Inhalation Solution|Sodium glycerophosphate
Electrolytes;Hydrogen Peroxide Solution 3%|Sodium Nitroprusside for Injection
Elements;Calcium
Emollients;Vitamins A and D Rash
Endopeptidases;Kinlytic (urokinase for Injection)
Enzyme Inducing Antiepileptic Drugs;Phenobarbital Tablet 60mg
Enzyme Inhibitors;Amiodarone Hydrochloride Injection|Amoxicillin Sodium and Potassium Clavulanate for Injection|Ampicillin Sodium and Sulbactam Sodium|Caffeine Citrate Injection USP|Captopril Tablets|Caspofungin Acetate for Injection|Clindamycin Phosphate Injection USP Liq|Erythromycin Lactobionate|Fluconazole In Sodium Chloride Injection USP|Fluconazole Injection|Ibuprofen Oral Suspension USP|Imipenem and Cilastatin for Injection|Linezolid Injection|Linezolid Tablets|Milrinone Lactate Injection|PHL-fluconazole|PIPERACILLIN SODIUM and TAZOBACTAM SODIUM|PIPERACILLIN SODIUM and TAZOBACTAM SODIUM|PMS-levofloxacin|Sildenafil Citrate|Tigecycline for Injection|Voriconazole for Injection
Enzymes;Kinlytic (urokinase for Injection)
Enzymes and Coenzymes;Kinlytic (urokinase for Injection)
Epinephrine and similars;Norepinephrine Bitartrate Injection
Erythromycin and similars;Erythromycin Lactobionate
Erythromycins;Erythromycin Lactobionate
Ethanolamines;Norepinephrine Bitartrate Injection
Ethylene Glycols;Apo-chloral Hydrate Syrup
Excitatory Amino Acid Agents;Phenobarbital Tablet 60mg
Excitatory Amino Acid Antagonists;Phenobarbital Tablet 60mg
Expectorants;Mannitol Injection USP
Experimental Unapproved Treatments for COVID-19;Azithromycin for Injection|Dexamethasone Sodium Phosphate Injection Sdz|Dexamethasone Tablets|Ibuprofen Oral Suspension USP
Explosive Agents;Nitroglycerin Injection USP
Extended-spectrum Penicillins;PIPERACILLIN SODIUM and TAZOBACTAM SODIUM|PIPERACILLIN SODIUM and TAZOBACTAM SODIUM
Factor VIII Activator;Desmopressin Acetate
Fatty Acids;Alprostadil Injection USP|Calcium Acetate
Fatty Acids, Monounsaturated;Alprostadil Injection USP
Fatty Acids, Unsaturated;Alprostadil Injection USP
Fatty Acids, Volatile;Calcium Acetate
Fentanyl and fentanyl analogues;Fentanyl Citrate Injection
Ferric Compounds;Sodium Nitroprusside for Injection
Ferricyanides;Sodium Nitroprusside for Injection
Fibrin Modulating Agents;Heparin Sodium Injection USP
Fibrinolytic Agents;Kinlytic (urokinase for Injection)
Flavoring Agents;Mannitol Injection USP
Fluoroquinolones;PMS-levofloxacin
Food;Mannitol Injection USP
Food Additives;Mannitol Injection USP
Food Ingredients;Mannitol Injection USP
Free Radicals;Hydrogen Peroxide Solution 3%
Fused-Ring Compounds;Beclomethasone Dipropionate Nasal Inhaler|Budesonide Inhalation|Cholesterol|Dexamethasone Sodium Phosphate Injection Sdz|Dexamethasone Tablets|Hydrocortisone Sodium Succinate Injection|Methylprednisolone Sodium Succinate for Injection|Spironolactone|Ursodeoxycholic acid|Vecuronium Bromide for Injection
GABA Agents;Diazepam Injection Sdz|Midazolam Injection|Phenobarbital Tablet 60mg
GABA Modulators;Diazepam Injection Sdz|Midazolam Injection|Phenobarbital Tablet 60mg
Ganciclovir and prodrug;Ganciclovir for Injection
Gastric Acid Lowering Agents;Calcium|Sodium Bicarbonate Injection
Gastrointestinal Agents;Calcium|Chlorpromazine Hydrochloride Injection|Dexamethasone Sodium Phosphate Injection Sdz|Dexamethasone Tablets|Erythromycin Lactobionate|Lactulose Solution|Ursodeoxycholic acid
Genito Urinary System and Sex Hormones;Alprostadil Injection USP|Apo Sulfamethoxazole Tab 500mg|Calcium Chloride Injection BP|Clindamycin Phosphate Injection USP Liq|Hydrochlorothiazide Tablets 50mg
Genitourinary Agents;Alprostadil Injection USP|Sildenafil Citrate
Genitourinary Arterial Vasodilation;Alprostadil Injection USP
Globins;Hemoglobin
Globulins;Immune Globulin Intravenous (human) 5%
Glucocorticoids;Beclomethasone Dipropionate Nasal Inhaler|Methylprednisolone Sodium Succinate for Injection
Gluconates;Calcium Gluconate Injection USP
Glycoconjugates;Vancomycin Hydrochloride for Injection USP
Glycols;Apo-chloral Hydrate Syrup
Glycopeptide Antibacterials;Vancomycin Hydrochloride for Injection USP
Glycopeptides;Vancomycin Hydrochloride for Injection USP
Glycosaminoglycans;Heparin Sodium Injection USP
Glycosides;Clindamycin Phosphate Injection USP Liq
Glycylcyclines;Tigecycline for Injection
Gynecological Antiinfectives and Antiseptics;Apo Sulfamethoxazole Tab 500mg|Clindamycin Phosphate Injection USP Liq|Hydrochlorothiazide Tablets 50mg
Hematologic Agents;Alprostadil Injection USP|Desmopressin Acetate|Heparin Sodium Injection USP|Milrinone Lactate Injection|Protamine Sulfate Injection USP
Hemeproteins;Hemoglobin
Hemodialysis Solution;Calcium Chloride Injection BP|Potassium Chloride Injection|Potassium Chloride Injection|Potassium Chloride for Oral Solution|Sodium Bicarbonate Injection
Hemoglobins;Hemoglobin
Hemostatics;Aminomethylbenzoic acid|Desmopressin Acetate
Heparin Antagonists;Protamine Sulfate Injection USP
Heparin Group;Heparin Sodium Injection USP
Heparin Reversal Agent;Protamine Sulfate Injection USP
Heparin and similars;Heparin Sodium Injection USP
Heparins or Heparinoids for Topical Use;Heparin Sodium Injection USP
Heterocyclic Compounds, Fused-Ring;Amiodarone Hydrochloride Injection|Amoxicillin Sodium and Potassium Clavulanate for Injection|Amoxicillin Sodium and Potassium Clavulanate for Injection|Ampicillin Sodium and Sulbactam Sodium|Ampicillin Sodium and Sulbactam Sodium|Caffeine Citrate Injection USP|Cefotaxime Sodium for Injection BP|Cefotaxime Sodium for Injection BP|Ceftriaxone Sodium for Injection|Chlorpromazine Hydrochloride Injection|Diazepam Injection Sdz|Ganciclovir for Injection|Hydrochlorothiazide Tablets 50mg|Imipenem and Cilastatin for Injection|Meropenem for Injection|Midazolam Injection|PIPERACILLIN SODIUM and TAZOBACTAM SODIUM|PIPERACILLIN SODIUM and TAZOBACTAM SODIUM|PIPERACILLIN SODIUM and TAZOBACTAM SODIUM|PIPERACILLIN SODIUM and TAZOBACTAM SODIUM|PMS-levofloxacin|Promethazine Hydrochloride Injection USP|Promethazine hydrochloride|Sildenafil Citrate
High-Ceiling Diuretics;Furosemide Injection
High-Ceiling Diuretics and Potassium-Sparing Agents;Furosemide Injection
High-risk opioids;Fentanyl Citrate Injection
Highest Risk QTc-Prolonging Agents;Amiodarone Hydrochloride Injection
Histamine Agents;Promethazine Hydrochloride Injection USP|Promethazine hydrochloride
Histamine Antagonists;Chlorpromazine Hydrochloride Injection|Promethazine Hydrochloride Injection USP|Promethazine hydrochloride
Histamine H1 Antagonists;Chlorpromazine Hydrochloride Injection|Promethazine Hydrochloride Injection USP|Promethazine hydrochloride
Histamine H2 Antagonists;Promethazine Hydrochloride Injection USP|Promethazine hydrochloride
Hormone Antagonists;Fluconazole In Sodium Chloride Injection USP|Fluconazole Injection|PHL-fluconazole|Spironolactone
Hormones;Beclomethasone Dipropionate Nasal Inhaler|Budesonide Inhalation|Desmopressin Acetate|Dexamethasone Sodium Phosphate Injection Sdz|Dexamethasone Tablets|Hydrocortisone Sodium Succinate Injection|Levothyroxine Sodium|Methylprednisolone Sodium Succinate for Injection
Hormones, Hormone Substitutes, and Hormone Antagonists;Beclomethasone Dipropionate Nasal Inhaler|Budesonide Inhalation|Desmopressin Acetate|Dexamethasone Sodium Phosphate Injection Sdz|Dexamethasone Tablets|Fluconazole In Sodium Chloride Injection USP|Fluconazole Injection|Hydrocortisone Sodium Succinate Injection|Levothyroxine Sodium|Methylprednisolone Sodium Succinate for Injection|PHL-fluconazole|Spironolactone
Household Products;Benzalkonium Chloride|Vitamins A and D Rash
Human Immunoglobulin G;Immune Globulin Intravenous (human) 5%
Human Serum Albumin;Albumin (Human)
Hydrocortisone and derivatives;Hydrocortisone Sodium Succinate Injection
Hydrolases;Kinlytic (urokinase for Injection)
Hydroxy Acids;Calcium Gluconate Injection USP
Hydroxycorticosteroids;Hydrocortisone Sodium Succinate Injection
Hyperglycemia-Associated Agents;Beclomethasone Dipropionate Nasal Inhaler|Chlorpromazine Hydrochloride Injection|Dexamethasone Sodium Phosphate Injection Sdz|Dexamethasone Tablets|Furosemide Injection|Hydrochlorothiazide Tablets 50mg
Hypnotics and Sedatives;Apo-chloral Hydrate Syrup|Dexmedetomidine Hydrochloride Injection|Diazepam Injection Sdz|Midazolam Injection|Phenobarbital Tablet 60mg|Propofol Injectable Emulsion
Hypoglycemia-Associated Agents;Apo Sulfamethoxazole Tab 500mg
Hypotensive Agents;Amiodarone Hydrochloride Injection|Captopril Tablets|Chlorpromazine Hydrochloride Injection|Dexmedetomidine Hydrochloride Injection|Furosemide Injection|Hydrochlorothiazide Tablets 50mg|Mannitol Injection USP|Nitroglycerin Injection USP|Propofol Injectable Emulsion|Sodium Nitroprusside for Injection|Spironolactone
I.V. Solution Additives;0.9% Sodium Chloride Injection|Calcium Chloride Injection BP|Magnesium Sulfate Injection USP|Potassium Chloride Injection|Potassium Chloride Injection|Potassium Chloride for Oral Solution|Sodium Bicarbonate Injection|Sodium Chloride Inhalation Solution|Sodium glycerophosphate
Imidazole and Triazole Derivatives;Fluconazole In Sodium Chloride Injection USP|Fluconazole Injection|PHL-fluconazole
Imidazoles;Creatinine|Dexmedetomidine Hydrochloride Injection
Imino Acids;Captopril Tablets
Immunoglobulin G;Immune Globulin Intravenous (human) 5%
Immunoglobulin Isotypes;Immune Globulin Intravenous (human) 5%
Immunoglobulins;Immune Globulin Intravenous (human) 5%
Immunologic Factors;Cytarabine Injection|Immune Globulin Intravenous (human) 5%
Immunoproteins;Immune Globulin Intravenous (human) 5%
Immunosuppressive Agents;Beclomethasone Dipropionate Nasal Inhaler|Budesonide Inhalation|Cytarabine Injection|Dexamethasone Sodium Phosphate Injection Sdz|Dexamethasone Tablets|Hydrocortisone Sodium Succinate Injection|Linezolid Injection|Linezolid Tablets
Increased Coagulation Factor VIII Activity;Desmopressin Acetate
Increased Coagulation Factor VIII Concentration;Desmopressin Acetate
Increased Diuresis;Hydrochlorothiazide Tablets 50mg|Mannitol Injection USP
Increased Diuresis at Loop of Henle;Furosemide Injection
Increased Intravascular Volume;Albumin (Human)
Increased Oncotic Pressure;Albumin (Human)
Increased Thrombolysis;Kinlytic (urokinase for Injection)
Indicators and Reagents;Sodium Nitroprusside for Injection
Inducers of Drug Clearance;Dexamethasone Sodium Phosphate Injection Sdz|Dexamethasone Tablets
Inflammation Mediators;Alprostadil Injection USP
Intermediate-Acting Antibacterial Sulfonamides;Apo Sulfamethoxazole Tab 500mg
Intestinal Adsorbents;Montmorillonite
Intestinal Antiinfectives;Vancomycin Hydrochloride for Injection USP
Intestinal Antiinflammatory Agents;Beclomethasone Dipropionate Nasal Inhaler|Budesonide Inhalation
Ions;Hydrogen Peroxide Solution 3%|Sodium Nitroprusside for Injection
Iron Compounds;Sodium Nitroprusside for Injection
Irrigating Solutions;0.9% Sodium Chloride Injection|Mannitol Injection USP|Sodium Bicarbonate Injection|Sodium Chloride Inhalation Solution|Sterile Water for Injection
Kidney Function;Mannitol Injection USP
Laboratory Chemicals;Sodium Nitroprusside for Injection
Lactams;Amoxicillin Sodium and Potassium Clavulanate for Injection|Amoxicillin Sodium and Potassium Clavulanate for Injection|Ampicillin Sodium and Sulbactam Sodium|Ampicillin Sodium and Sulbactam Sodium|Cefotaxime Sodium for Injection BP|Cefotaxime Sodium for Injection BP|Ceftriaxone Sodium for Injection|Imipenem and Cilastatin for Injection|Meropenem for Injection|PIPERACILLIN SODIUM and TAZOBACTAM SODIUM|PIPERACILLIN SODIUM and TAZOBACTAM SODIUM|PIPERACILLIN SODIUM and TAZOBACTAM SODIUM|PIPERACILLIN SODIUM and TAZOBACTAM SODIUM
Lactones;Azithromycin for Injection|Erythromycin Lactobionate|Spironolactone
Laxatives;Lactulose Solution|Magnesium Sulfate Injection USP|Mannitol Injection USP
Laxatives, magnesium containing;Magnesium Sulfate Injection USP
Lincomycins;Clindamycin Phosphate Injection USP Liq
Lincosamide Antibacterial;Clindamycin Phosphate Injection USP Liq
Lincosamides;Clindamycin Phosphate Injection USP Liq
Lipids;Alprostadil Injection USP|Calcium Acetate|Caspofungin Acetate for Injection|Cholesterol|Sodium glycerophosphate|Vitamins A and D Rash
Lipopeptides;Caspofungin Acetate for Injection
Local Anesthesia;Lidocaine Hydrochloride Injection
Local Anesthetics (Amide);Lidocaine Hydrochloride Injection
Low-Ceiling Diuretics and Potassium-Sparing Agents;Hydrochlorothiazide Tablets 50mg
MATE 1 Inhibitors;PMS-levofloxacin
MATE 1 Substrates;Ganciclovir for Injection|PMS-levofloxacin
MATE 2 Inhibitors;PMS-levofloxacin
MATE 2 Substrates;Ganciclovir for Injection
MATE inhibitors;PMS-levofloxacin
MATE substrates;Ganciclovir for Injection|PMS-levofloxacin
Macrolide Antimicrobial;Azithromycin for Injection|Erythromycin Lactobionate
Macrolides;Azithromycin for Injection|Clindamycin Phosphate Injection USP Liq|Erythromycin Lactobionate
Macrolides, Lincosamides and Streptogramins;Azithromycin for Injection|Clindamycin Phosphate Injection USP Liq|Erythromycin Lactobionate
Magnesium Compounds;Magnesium Sulfate Injection USP
Magnesium Salts;Magnesium Sulfate Injection USP
Medicated Dressings;Benzalkonium Chloride
Medicated Dressings With Antiinfectives;Benzalkonium Chloride
Membrane Lipids;Cholesterol|Sodium glycerophosphate
Membrane Transport Modulators;Amiodarone Hydrochloride Injection|Furosemide Injection|Hydrochlorothiazide Tablets 50mg|Lidocaine Hydrochloride Injection|Magnesium Sulfate Injection USP
Metal cations;Magnesium Sulfate Injection USP|Montmorillonite
Metal divalent cations;Magnesium Sulfate Injection USP|Montmorillonite
Metals;Calcium
Metals, Alkaline Earth;Calcium
Methemoglobinemia Associated Agents;Apo Sulfamethoxazole Tab 500mg|Lidocaine Hydrochloride Injection|Nitroglycerin Injection USP|Phenobarbital Tablet 60mg|Sodium Nitroprusside for Injection
Mineral Supplements;0.9% Sodium Chloride Injection|Calcium|Calcium Chloride Injection BP|Calcium Gluconate Injection USP|Magnesium Sulfate Injection USP|Potassium Chloride Injection|Potassium Chloride Injection|Potassium Chloride for Oral Solution|Sodium Chloride Inhalation Solution
Mineralocorticoid (Aldosterone) Receptor Antagonists;Spironolactone
Mineralocorticoid Receptor Antagonists;Spironolactone
Minerals;Calcium|Calcium|Calcium Acetate|Calcium Gluconate Injection USP|Montmorillonite|Potassium Chloride Injection|Potassium Chloride Injection|Potassium Chloride for Oral Solution
Miscellaneous Anticonvulsants;Jamp Levetiracetam Tablets|Magnesium Sulfate Injection USP
Miscellaneous Anxiolytics Sedatives and Hypnotics;Apo-chloral Hydrate Syrup|Dexmedetomidine Hydrochloride Injection|Promethazine Hydrochloride Injection USP|Promethazine hydrochloride
Miscellaneous General Anesthetics;Propofol Injectable Emulsion
Miscellaneous Local Anti-infectives;Benzalkonium Chloride
Miscellaneous Therapeutic Agents;Heparin Sodium Injection USP
Miscellaneous Vasodilatating Agents;Alprostadil Injection USP
Moderate Risk QTc-Prolonging Agents;Azithromycin for Injection|Chlorpromazine Hydrochloride Injection|Erythromycin Lactobionate|PMS-levofloxacin
Monoamine Oxidase A Inhibitors  for interaction with Monoamine Oxidase A substrates;Linezolid Injection|Linezolid Tablets
Monoamine Oxidase Inhibitors;Linezolid Injection|Linezolid Tablets
Muscarinic Antagonists;Chlorpromazine Hydrochloride Injection|Promethazine Hydrochloride Injection USP|Promethazine hydrochloride
Muscle Relaxants;Diazepam Injection Sdz|Vecuronium Bromide for Injection
Muscle Relaxants, Centrally Acting Agents;Diazepam Injection Sdz
Muscle Relaxants, Peripherally Acting Agents;Vecuronium Bromide for Injection
Musculo-Skeletal System;Calcium|Vecuronium Bromide for Injection
Myelosuppressive Agents;Cytarabine Injection|Linezolid Injection|Linezolid Tablets
Naphthacenes;Tigecycline for Injection
Narcotics;Fentanyl Citrate Injection
Narrow Therapeutic Index Drugs;Amiodarone Hydrochloride Injection|Cytarabine Injection|Heparin Sodium Injection USP|Levothyroxine Sodium|Phenobarbital Tablet 60mg|Vancomycin Hydrochloride for Injection USP
Nasal Preparations;Beclomethasone Dipropionate Nasal Inhaler|Budesonide Inhalation|Dexamethasone Sodium Phosphate Injection Sdz|Dexamethasone Tablets
Natriuretic Agents;Desmopressin Acetate|Furosemide Injection|Hydrochlorothiazide Tablets 50mg|Mannitol Injection USP|Spironolactone
Nephrotoxic agents;Cefotaxime Sodium for Injection BP|Cefotaxime Sodium for Injection BP|Ceftriaxone Sodium for Injection|Furosemide Injection|Hydrochlorothiazide Tablets 50mg|Ibuprofen Oral Suspension USP|Mannitol Injection USP|Vancomycin Hydrochloride for Injection USP
Nerve Tissue Proteins;Desmopressin Acetate
Nervous System;Apo-chloral Hydrate Syrup|Caffeine Citrate Injection USP|Chlorpromazine Hydrochloride Injection|Dexmedetomidine Hydrochloride Injection|Diazepam Injection Sdz|Fentanyl Citrate Injection|Ibuprofen Oral Suspension USP|Jamp Levetiracetam Tablets|Lidocaine Hydrochloride Injection|Midazolam Injection|Phenobarbital Tablet 60mg|Propofol Injectable Emulsion
Neuraminidase Inhibitors;Oseltamivir Phosphate Capsules
Neuraxial Anesthetics;Fentanyl Citrate Injection|Lidocaine Hydrochloride Injection
Neuromuscular Agents;Vecuronium Bromide for Injection
Neuromuscular Blockade;Clindamycin Phosphate Injection USP Liq
Neuromuscular Blocking Agents;Vecuronium Bromide for Injection
Neuromuscular Nondepolarizing Blockade;Vecuronium Bromide for Injection
Neuromuscular-Blocking Agents (Nondepolarizing);Vecuronium Bromide for Injection
Neuropeptides;Desmopressin Acetate
Neuroprotective Agents;Methylprednisolone Sodium Succinate for Injection
Neurotoxic agents;Chlorpromazine Hydrochloride Injection|Clindamycin Phosphate Injection USP Liq|Imipenem and Cilastatin for Injection|Promethazine Hydrochloride Injection USP|Promethazine hydrochloride
Neurotransmitter Agents;Caffeine Citrate Injection USP|Chlorpromazine Hydrochloride Injection|Dexmedetomidine Hydrochloride Injection|Midazolam Injection|Norepinephrine Bitartrate Injection|Phenobarbital Tablet 60mg|Promethazine Hydrochloride Injection USP|Promethazine hydrochloride|Vecuronium Bromide for Injection
Nicotinic Antagonists;Phenobarbital Tablet 60mg|Vecuronium Bromide for Injection
Nitrate Vasodilator;Nitroglycerin Injection USP
Nitrates and Nitrites;Nitroglycerin Injection USP|Sodium Nitroprusside for Injection
Nitric Oxide Donors;Sodium Nitroprusside for Injection
Nitro Compounds;Nitroglycerin Injection USP
Nitroferricyanide Derivatives;Sodium Nitroprusside for Injection
Nitrogen Compounds;Sodium Nitroprusside for Injection
Non COX-2 selective NSAIDS;Ibuprofen Oral Suspension USP
Non Potassium Sparing Diuretics;Furosemide Injection|Hydrochlorothiazide Tablets 50mg
Norepinephrine, antagonists & inhibitors;Norepinephrine Bitartrate Injection
Noxae;Cytarabine Injection|Hydrogen Peroxide Solution 3%
Nuclear Proteins;Protamine Sulfate Injection USP
Nucleic Acid Synthesis Inhibitors;Cytarabine Injection|Ganciclovir for Injection
Nucleic Acids, Nucleotides, and Nucleosides;Cytarabine Injection
Nucleoproteins;Protamine Sulfate Injection USP
Nucleoside Analog Antiviral;Ganciclovir for Injection
Nucleoside Metabolic Inhibitor;Cytarabine Injection
Nucleosides;Cytarabine Injection
Nucleosides and Nucleotides;Ganciclovir for Injection
Nucleosides and Nucleotides Excl. Reverse Transcriptase Inhibitors;Ganciclovir for Injection
OAT1/SLC22A6 Substrates;Alprostadil Injection USP|Captopril Tablets|PIPERACILLIN SODIUM and TAZOBACTAM SODIUM|PIPERACILLIN SODIUM and TAZOBACTAM SODIUM|PMS-levofloxacin
OAT1/SLC22A6 inhibitors;Alprostadil Injection USP|Amoxicillin Sodium and Potassium Clavulanate for Injection|Captopril Tablets|Caspofungin Acetate for Injection|Cefotaxime Sodium for Injection BP|Cefotaxime Sodium for Injection BP|Ceftriaxone Sodium for Injection|Furosemide Injection|Ganciclovir for Injection|Hydrochlorothiazide Tablets 50mg|Ibuprofen Oral Suspension USP|Imipenem and Cilastatin for Injection|Linezolid Injection|Linezolid Tablets|PIPERACILLIN SODIUM and TAZOBACTAM SODIUM|PIPERACILLIN SODIUM and TAZOBACTAM SODIUM|PIPERACILLIN SODIUM and TAZOBACTAM SODIUM|PIPERACILLIN SODIUM and TAZOBACTAM SODIUM
OAT3/SLC22A8 Inhibitors;Cefotaxime Sodium for Injection BP|Cefotaxime Sodium for Injection BP|Ceftriaxone Sodium for Injection|Furosemide Injection|Ganciclovir for Injection|Ibuprofen Oral Suspension USP|Imipenem and Cilastatin for Injection|Linezolid Injection|Linezolid Tablets|PIPERACILLIN SODIUM and TAZOBACTAM SODIUM|PIPERACILLIN SODIUM and TAZOBACTAM SODIUM
OAT3/SLC22A8 Substrates;Alprostadil Injection USP|Budesonide Inhalation|Captopril Tablets|Dexamethasone Sodium Phosphate Injection Sdz|Dexamethasone Tablets|Hydrochlorothiazide Tablets 50mg|Oseltamivir Phosphate Capsules|PIPERACILLIN SODIUM and TAZOBACTAM SODIUM|PIPERACILLIN SODIUM and TAZOBACTAM SODIUM|PIPERACILLIN SODIUM and TAZOBACTAM SODIUM|PIPERACILLIN SODIUM and TAZOBACTAM SODIUM
OATP1B1/SLCO1B1 Inhibitors;Beclomethasone Dipropionate Nasal Inhaler|Caspofungin Acetate for Injection|Erythromycin Lactobionate|Levothyroxine Sodium|Sildenafil Citrate
OATP1B1/SLCO1B1 Substrates;Caspofungin Acetate for Injection|Erythromycin Lactobionate
OATP1B3 inhibitors;Beclomethasone Dipropionate Nasal Inhaler|Erythromycin Lactobionate|Levothyroxine Sodium
OATP1B3 substrates;Caspofungin Acetate for Injection|Erythromycin Lactobionate
OATP2B1/SLCO2B1 substrates;Ibuprofen Oral Suspension USP
OCT1 inhibitors;Ganciclovir for Injection|PMS-levofloxacin
OCT1 substrates;Cytarabine Injection|Ganciclovir for Injection|Norepinephrine Bitartrate Injection
OCT2 Inhibitors;Amiodarone Hydrochloride Injection|Norepinephrine Bitartrate Injection|PMS-levofloxacin
OCT2 Substrates;Norepinephrine Bitartrate Injection
Ointment Bases;Vitamins A and D Rash
Oligopeptides;Desmopressin Acetate
Onium Compounds;Benzalkonium Chloride
Ophthalmological and Otological Preparations;Dexamethasone Sodium Phosphate Injection Sdz|Dexamethasone Tablets
Ophthalmologicals;Ampicillin Sodium and Sulbactam Sodium|Azithromycin for Injection|Dexamethasone Sodium Phosphate Injection Sdz|Dexamethasone Tablets|Erythromycin Lactobionate|Ganciclovir for Injection|Heparin Sodium Injection USP|Lidocaine Hydrochloride Injection|PMS-levofloxacin|Vancomycin Hydrochloride for Injection USP
Opiate Agonists;Fentanyl Citrate Injection
Opioid Agonist;Fentanyl Citrate Injection
Opioid Anesthetics;Fentanyl Citrate Injection
Opioids;Fentanyl Citrate Injection
Opioids, Anilidopiperidine;Fentanyl Citrate Injection
Organic Anion Transporting Polypeptide 2B1 Inhibitors;Alprostadil Injection USP|Levothyroxine Sodium
Organic Nitrates;Nitroglycerin Injection USP
Osmotic Activity;Albumin (Human)|Lactulose Solution|Mannitol Injection USP
Osmotic Laxatives;Lactulose Solution|Magnesium Sulfate Injection USP|Mannitol Injection USP
Other Miscellaneous Therapeutic Agents;0.9% Sodium Chloride Injection|Sodium Chloride Inhalation Solution|Sterile Water for Injection
Other Nonsteroidal Anti-inflammatory Agents;Ibuprofen Oral Suspension USP
Otologicals;Dexamethasone Sodium Phosphate Injection Sdz|Dexamethasone Tablets|Hydrogen Peroxide Solution 3%|Lidocaine Hydrochloride Injection
Ototoxic agents;Furosemide Injection
Oxazolidinone Antibacterial;Linezolid Injection|Linezolid Tablets
Oxazolidinones;Linezolid Injection|Linezolid Tablets
Oxidants;Hydrogen Peroxide Solution 3%
Oxides;Hydrogen Peroxide Solution 3%|Montmorillonite
Oxygen Compounds;Hydrogen Peroxide Solution 3%|Montmorillonite|Sterile Water for Injection
P-glycoprotein inducers;Amiodarone Hydrochloride Injection|Beclomethasone Dipropionate Nasal Inhaler|Dexamethasone Sodium Phosphate Injection Sdz|Dexamethasone Tablets|Levothyroxine Sodium|Phenobarbital Tablet 60mg|Propofol Injectable Emulsion|Spironolactone
P-glycoprotein inhibitors;Amiodarone Hydrochloride Injection|Azithromycin for Injection|Captopril Tablets|Caspofungin Acetate for Injection|Ceftriaxone Sodium for Injection|Chlorpromazine Hydrochloride Injection|Cholesterol|Dexamethasone Sodium Phosphate Injection Sdz|Dexamethasone Tablets|Erythromycin Lactobionate|Fentanyl Citrate Injection|Fluconazole In Sodium Chloride Injection USP|Fluconazole Injection|Ibuprofen Oral Suspension USP|Lidocaine Hydrochloride Injection|PHL-fluconazole|PMS-levofloxacin|Promethazine Hydrochloride Injection USP|Promethazine hydrochloride|Sildenafil Citrate
P-glycoprotein substrates;Azithromycin for Injection|Beclomethasone Dipropionate Nasal Inhaler|Budesonide Inhalation|Chlorpromazine Hydrochloride Injection|Clindamycin Phosphate Injection USP Liq|Dexamethasone Sodium Phosphate Injection Sdz|Dexamethasone Tablets|Diazepam Injection Sdz|Erythromycin Lactobionate|Ibuprofen Oral Suspension USP|Jamp Levetiracetam Tablets|Mannitol Injection USP|PMS-levofloxacin|Phenobarbital Tablet 60mg|Sildenafil Citrate|Vecuronium Bromide for Injection
P-glycoprotein substrates with a Narrow Therapeutic Index;Phenobarbital Tablet 60mg
Passively Acquired Immunity;Immune Globulin Intravenous (human) 5%
Penem Antibacterial;Imipenem and Cilastatin for Injection|Meropenem for Injection
Penicillin G;Amoxicillin Sodium and Potassium Clavulanate for Injection|Ampicillin Sodium and Sulbactam Sodium|PIPERACILLIN SODIUM and TAZOBACTAM SODIUM|PIPERACILLIN SODIUM and TAZOBACTAM SODIUM
Penicillins;Amoxicillin Sodium and Potassium Clavulanate for Injection|Ampicillin Sodium and Sulbactam Sodium|PIPERACILLIN SODIUM and TAZOBACTAM SODIUM|PIPERACILLIN SODIUM and TAZOBACTAM SODIUM
Penicillins With Extended Spectrum;Amoxicillin Sodium and Potassium Clavulanate for Injection|Ampicillin Sodium and Sulbactam Sodium|PIPERACILLIN SODIUM and TAZOBACTAM SODIUM|PIPERACILLIN SODIUM and TAZOBACTAM SODIUM
Peptide Hormones;Desmopressin Acetate
Peptide Hydrolases;Kinlytic (urokinase for Injection)
Peptides;Caspofungin Acetate for Injection|Desmopressin Acetate|Vancomycin Hydrochloride for Injection USP
Peptides, Cyclic;Caspofungin Acetate for Injection
Peripheral Nervous System Agents;Budesonide Inhalation|Chlorpromazine Hydrochloride Injection|Dexamethasone Sodium Phosphate Injection Sdz|Dexamethasone Tablets|Dexmedetomidine Hydrochloride Injection|Diazepam Injection Sdz|Fentanyl Citrate Injection|Ibuprofen Oral Suspension USP|Lidocaine Hydrochloride Injection|Magnesium Sulfate Injection USP|Norepinephrine Bitartrate Injection|Vecuronium Bromide for Injection
Peroxides;Hydrogen Peroxide Solution 3%
Pharmaceutic Aids;Benzalkonium Chloride|Vitamins A and D Rash
Pharmaceutical Preparations;Benzalkonium Chloride|Ibuprofen Oral Suspension USP|Vitamins A and D Rash
Phenobarbital and similars;Phenobarbital Tablet 60mg
Phenols;Norepinephrine Bitartrate Injection|Propofol Injectable Emulsion
Phenothiazine Derivatives;Promethazine Hydrochloride Injection USP|Promethazine hydrochloride
Phenothiazines;Chlorpromazine Hydrochloride Injection|Promethazine Hydrochloride Injection USP|Promethazine hydrochloride
Phenothiazines With Aliphatic Side-Chain;Chlorpromazine Hydrochloride Injection
Phenylpiperidine opioids;Fentanyl Citrate Injection
Phenylpropionates;Ibuprofen Oral Suspension USP
Phosphate Binder;Calcium|Calcium Acetate
Phosphate Chelating Activity;Calcium
Phosphate salts;Sodium glycerophosphate
Phosphate-removing Agents;Calcium Acetate
Phosphodiesterase 3 Inhibitors;Milrinone Lactate Injection
Phosphodiesterase 5 Inhibitors;Sildenafil Citrate
Phosphodiesterase Inhibitors;Caffeine Citrate Injection USP|Milrinone Lactate Injection|Sildenafil Citrate
Phospholipids;Sodium glycerophosphate
Photosensitizing Agents;Amiodarone Hydrochloride Injection|Apo Sulfamethoxazole Tab 500mg|Azithromycin for Injection|Captopril Tablets|Chlorpromazine Hydrochloride Injection|Furosemide Injection|Hydrochlorothiazide Tablets 50mg|PMS-levofloxacin|Promethazine Hydrochloride Injection USP|Promethazine hydrochloride|Voriconazole for Injection
Physiological Phenomena;Mannitol Injection USP
Piperazines;Sildenafil Citrate
Piperidines;Fentanyl Citrate Injection
Pituitary;Desmopressin Acetate
Pituitary Hormones;Desmopressin Acetate
Pituitary Hormones, Posterior;Desmopressin Acetate
Pituitary and Hypothalamic Hormones and Analogues;Desmopressin Acetate
Plasminogen Activators;Kinlytic (urokinase for Injection)
Polyketides;Azithromycin for Injection
Polysaccharides;Heparin Sodium Injection USP|Mucopolysaccharide polysulphate
Polyvalent cation containing laxatives, antacids, oral supplements;Calcium
Posterior Pituitary Lobe Hormones;Desmopressin Acetate
Potassium Channel Blockers;Amiodarone Hydrochloride Injection
Potassium Compounds;Potassium Chloride Injection|Potassium Chloride Injection|Potassium Chloride for Oral Solution
Potassium Salt;Potassium Chloride Injection|Potassium Chloride Injection|Potassium Chloride for Oral Solution
Potassium-Sparing Diuretics;Spironolactone
Potential QTc-Prolonging Agents;Apo Sulfamethoxazole Tab 500mg|Fluconazole In Sodium Chloride Injection USP|Fluconazole Injection|Hydrochlorothiazide Tablets 50mg|PHL-fluconazole|Promethazine Hydrochloride Injection USP|Promethazine hydrochloride|Propofol Injectable Emulsion|Voriconazole for Injection
Pregnadienes;Beclomethasone Dipropionate Nasal Inhaler|Dexamethasone Sodium Phosphate Injection Sdz|Dexamethasone Tablets|Methylprednisolone Sodium Succinate for Injection
Pregnadienetriols;Beclomethasone Dipropionate Nasal Inhaler|Dexamethasone Sodium Phosphate Injection Sdz|Dexamethasone Tablets|Methylprednisolone Sodium Succinate for Injection
Pregnanes;Beclomethasone Dipropionate Nasal Inhaler|Budesonide Inhalation|Dexamethasone Sodium Phosphate Injection Sdz|Dexamethasone Tablets|Hydrocortisone Sodium Succinate Injection|Methylprednisolone Sodium Succinate for Injection|Spironolactone
Pregnenediones;Budesonide Inhalation|Hydrocortisone Sodium Succinate Injection
Pregnenes;Budesonide Inhalation|Hydrocortisone Sodium Succinate Injection|Spironolactone
Preservatives, Pharmaceutical;Benzalkonium Chloride
Propionates;Ibuprofen Oral Suspension USP
Propylamines;Promethazine Hydrochloride Injection USP|Promethazine hydrochloride
Prostaglandin E1 Agonist;Alprostadil Injection USP
Prostaglandin Receptor Agonists;Alprostadil Injection USP
Prostaglandins;Alprostadil Injection USP
Prostaglandins E;Alprostadil Injection USP
Prostaglandins, Synthetic;Alprostadil Injection USP
Protease Inhibitors;Captopril Tablets|Imipenem and Cilastatin for Injection
Protective Agents;Methylprednisolone Sodium Succinate for Injection|Milrinone Lactate Injection|Montmorillonite
Protein Synthesis Inhibitors;Clindamycin Phosphate Injection USP Liq|Erythromycin Lactobionate|Linezolid Injection|Linezolid Tablets|Tigecycline for Injection
Proteins;Albumin (Human)|Desmopressin Acetate|Hemoglobin|Immune Globulin Intravenous (human) 5%|Kinlytic (urokinase for Injection)|Protamine Sulfate Injection USP
Psychoanaleptics;Caffeine Citrate Injection USP
Psycholeptics;Apo-chloral Hydrate Syrup|Chlorpromazine Hydrochloride Injection|Dexmedetomidine Hydrochloride Injection|Diazepam Injection Sdz|Midazolam Injection|Phenobarbital Tablet 60mg
Psychostimulants, Agents Used for ADHD and Nootropics;Caffeine Citrate Injection USP
Psychotropic Drugs;Chlorpromazine Hydrochloride Injection|Diazepam Injection Sdz|Midazolam Injection
Purinergic Agents;Caffeine Citrate Injection USP
Purinergic Antagonists;Caffeine Citrate Injection USP
Purines;Caffeine Citrate Injection USP|Ganciclovir for Injection|Sildenafil Citrate
Purinones;Caffeine Citrate Injection USP|Ganciclovir for Injection
Pyridines;Milrinone Lactate Injection
Pyrimidine Analogues;Cytarabine Injection
Pyrimidine Nucleosides;Cytarabine Injection
Pyrimidines;Cytarabine Injection|Phenobarbital Tablet 60mg
Pyrimidinones;Phenobarbital Tablet 60mg
Pyrrolidines;Clindamycin Phosphate Injection USP Liq|Jamp Levetiracetam Tablets
Pyrrolidinones;Jamp Levetiracetam Tablets
QTc Prolonging Agents;Amiodarone Hydrochloride Injection|Apo Sulfamethoxazole Tab 500mg|Azithromycin for Injection|Chlorpromazine Hydrochloride Injection|Erythromycin Lactobionate|Fluconazole In Sodium Chloride Injection USP|Fluconazole Injection|Hydrochlorothiazide Tablets 50mg|PHL-fluconazole|PMS-levofloxacin|Promethazine Hydrochloride Injection USP|Promethazine hydrochloride|Propofol Injectable Emulsion|Voriconazole for Injection
Quaternary Ammonium Compounds;Benzalkonium Chloride
Quinolines;PMS-levofloxacin
Quinolone Antimicrobial;PMS-levofloxacin
Quinolones;PMS-levofloxacin
Reactive Oxygen Species;Hydrogen Peroxide Solution 3%
Renal Agents;PMS-levofloxacin
Renal Dehydropeptidase Inhibitor;Imipenem and Cilastatin for Injection
Replacement Preparations;0.9% Sodium Chloride Injection|Calcium|Calcium|Calcium Chloride Injection BP|Calcium Gluconate Injection USP|Magnesium Sulfate Injection USP|Potassium Chloride Injection|Potassium Chloride Injection|Potassium Chloride for Oral Solution|Sodium Chloride Inhalation Solution
Reproductive Control Agents;Magnesium Sulfate Injection USP
Respiratory Agents, Miscellaneous;0.9% Sodium Chloride Injection|Sodium Chloride Inhalation Solution
Respiratory System Agents;Beclomethasone Dipropionate Nasal Inhaler|Budesonide Inhalation
Respiratory and CNS Stimulants;Caffeine Citrate Injection USP
Salt Solutions;0.9% Sodium Chloride Injection|Sodium Bicarbonate Injection|Sodium Chloride Inhalation Solution
Sensory Organs;Ampicillin Sodium and Sulbactam Sodium|Dexamethasone Sodium Phosphate Injection Sdz|Dexamethasone Tablets|Ganciclovir for Injection|Heparin Sodium Injection USP|Hydrogen Peroxide Solution 3%|PMS-levofloxacin|Vancomycin Hydrochloride for Injection USP
Sensory System Agents;Dexmedetomidine Hydrochloride Injection|Fentanyl Citrate Injection|Ibuprofen Oral Suspension USP|Lidocaine Hydrochloride Injection|Magnesium Sulfate Injection USP
Sequestering Agents;Calcium Acetate
Serine Endopeptidases;Kinlytic (urokinase for Injection)
Serine Proteases;Kinlytic (urokinase for Injection)
Serotonergic Drugs Shown to Increase Risk of Serotonin Syndrome;Chlorpromazine Hydrochloride Injection|Fentanyl Citrate Injection|Linezolid Injection|Linezolid Tablets|Promethazine Hydrochloride Injection USP|Promethazine hydrochloride
Serotonin 5-HT1 Receptor Antagonists;Chlorpromazine Hydrochloride Injection
Serotonin 5-HT1A Receptor Antagonists;Chlorpromazine Hydrochloride Injection
Serotonin 5-HT2 Receptor Antagonists;Chlorpromazine Hydrochloride Injection
Serotonin 5-HT2A Receptor Antagonists;Chlorpromazine Hydrochloride Injection
Serotonin Agents;Chlorpromazine Hydrochloride Injection|Fentanyl Citrate Injection|Linezolid Injection|Linezolid Tablets|Promethazine Hydrochloride Injection USP|Promethazine hydrochloride
Serotonin Modulators;Fentanyl Citrate Injection|Linezolid Injection|Linezolid Tablets|Promethazine Hydrochloride Injection USP|Promethazine hydrochloride
Serotonin Receptor Antagonists;Chlorpromazine Hydrochloride Injection
Serum;Immune Globulin Intravenous (human) 5%
Serum Albumin;Albumin (Human)
Serum Globulins;Immune Globulin Intravenous (human) 5%
Silicates;Montmorillonite
Silicon Compounds;Montmorillonite
Sodium;0.9% Sodium Chloride Injection|Sodium Chloride Inhalation Solution
Sodium Channel Blockers;Amiodarone Hydrochloride Injection|Lidocaine Hydrochloride Injection
Sodium Chloride Symporter Inhibitors;Hydrochlorothiazide Tablets 50mg
Sodium Compounds;0.9% Sodium Chloride Injection|Sodium Bicarbonate Injection|Sodium Chloride Inhalation Solution
Sodium Potassium Chloride Symporter Inhibitors;Furosemide Injection
Solutions Producing Osmotic Diuresis;Mannitol Injection USP
Steroid Synthesis Inhibitors;Fluconazole In Sodium Chloride Injection USP|Fluconazole Injection|PHL-fluconazole|Voriconazole for Injection
Steroids;Beclomethasone Dipropionate Nasal Inhaler|Budesonide Inhalation|Cholesterol|Dexamethasone Sodium Phosphate Injection Sdz|Dexamethasone Tablets|Hydrocortisone Sodium Succinate Injection|Methylprednisolone Sodium Succinate for Injection|Spironolactone|Ursodeoxycholic acid|Vecuronium Bromide for Injection
Steroids, Chlorinated;Beclomethasone Dipropionate Nasal Inhaler
Steroids, Fluorinated;Dexamethasone Sodium Phosphate Injection Sdz|Dexamethasone Tablets
Sterols;Cholesterol
Stimulation Large Intestine Fluid/Electrolyte Secretion;Lactulose Solution
Stomatological Preparations;Dexamethasone Sodium Phosphate Injection Sdz|Dexamethasone Tablets|Hydrogen Peroxide Solution 3%
Sugar Acids;Calcium Gluconate Injection USP
Sugar Alcohols;Mannitol Injection USP|Sodium glycerophosphate
Sugar Phosphates;Sodium glycerophosphate
Sulfanilamides;Apo Sulfamethoxazole Tab 500mg|Furosemide Injection
Sulfates;Magnesium Sulfate Injection USP
Sulfonamide Antibacterial;Apo Sulfamethoxazole Tab 500mg
Sulfonamides;Apo Sulfamethoxazole Tab 500mg|Furosemide Injection|Hydrochlorothiazide Tablets 50mg|Sildenafil Citrate
Sulfonamides and trimethoprim;Apo Sulfamethoxazole Tab 500mg
Sulfones;Apo Sulfamethoxazole Tab 500mg|Furosemide Injection|Hydrochlorothiazide Tablets 50mg|PIPERACILLIN SODIUM and TAZOBACTAM SODIUM|PIPERACILLIN SODIUM and TAZOBACTAM SODIUM|Sildenafil Citrate
Sulfonic Acids;Calcium Acetate
Sulfur Acids;Calcium Acetate|Magnesium Sulfate Injection USP
Sulfur Compounds;Amoxicillin Sodium and Potassium Clavulanate for Injection|Ampicillin Sodium and Sulbactam Sodium|Ampicillin Sodium and Sulbactam Sodium|Apo Sulfamethoxazole Tab 500mg|Calcium Acetate|Cefotaxime Sodium for Injection BP|Cefotaxime Sodium for Injection BP|Ceftriaxone Sodium for Injection|Chlorpromazine Hydrochloride Injection|Furosemide Injection|Hydrochlorothiazide Tablets 50mg|Imipenem and Cilastatin for Injection|Magnesium Sulfate Injection USP|Meropenem for Injection|PIPERACILLIN SODIUM and TAZOBACTAM SODIUM|PIPERACILLIN SODIUM and TAZOBACTAM SODIUM|PIPERACILLIN SODIUM and TAZOBACTAM SODIUM|PIPERACILLIN SODIUM and TAZOBACTAM SODIUM|Promethazine Hydrochloride Injection USP|Promethazine hydrochloride|Sildenafil Citrate
Sulfuric Acids;Magnesium Sulfate Injection USP
Supplements;Calcium Chloride Injection BP
Surface-Active Agents;Benzalkonium Chloride
Sweetening Agents;Mannitol Injection USP
Sympathomimetics;Norepinephrine Bitartrate Injection
Systemic Hormonal Preparations, Excl. Sex Hormones and Insulins;Desmopressin Acetate|Dexamethasone Sodium Phosphate Injection Sdz|Dexamethasone Tablets|Levothyroxine Sodium
Tests for Bile Duct Patency;Magnesium Sulfate Injection USP
Tests for Gastric Secretion;Caffeine Citrate Injection USP
Tetracyclines;Tigecycline for Injection
Thiazides;Hydrochlorothiazide Tablets 50mg
Thiazines;Cefotaxime Sodium for Injection BP|Cefotaxime Sodium for Injection BP|Ceftriaxone Sodium for Injection
Thienamycins;Imipenem and Cilastatin for Injection|Meropenem for Injection
Third-Generation Cephalosporins;Cefotaxime Sodium for Injection BP|Cefotaxime Sodium for Injection BP|Ceftriaxone Sodium for Injection
Throat Preparations;Benzalkonium Chloride|Ibuprofen Oral Suspension USP|Lidocaine Hydrochloride Injection
Thyroid Products;Levothyroxine Sodium
Thyroxine-binding globulin inhibitors;Beclomethasone Dipropionate Nasal Inhaler
Thyroxine-binding globulin substrates;Furosemide Injection|Heparin Sodium Injection USP|Levothyroxine Sodium
Tocolytic Agents;Magnesium Sulfate Injection USP
Topical Products for Joint and Muscular Pain;Ibuprofen Oral Suspension USP
Topoisomerase II Inhibitors;PMS-levofloxacin
Topoisomerase Inhibitors;PMS-levofloxacin
Toxic Actions;Cytarabine Injection|Hydrogen Peroxide Solution 3%
Tranquilizing Agents;Chlorpromazine Hydrochloride Injection|Diazepam Injection Sdz|Midazolam Injection
Triazole Derivatives;Fluconazole In Sodium Chloride Injection USP|Fluconazole Injection|PHL-fluconazole|Voriconazole for Injection
Triazole and tetrazole derivatives;Fluconazole In Sodium Chloride Injection USP|Fluconazole Injection|PHL-fluconazole|Voriconazole for Injection
Triazoles;Fluconazole In Sodium Chloride Injection USP|Fluconazole Injection|PHL-fluconazole|Voriconazole for Injection
Triazolobenzodiazepines;Midazolam Injection
Tricarboxylic Acids;Caffeine Citrate Injection USP
Triose Sugar Alcohols;Sodium glycerophosphate
UDP Glucuronosyltransferases Inhibitors;Ibuprofen Oral Suspension USP
UGT1A1 Inducers;Phenobarbital Tablet 60mg
UGT1A1 Inhibitors;Propofol Injectable Emulsion
UGT1A1 Substrates;Furosemide Injection|Ibuprofen Oral Suspension USP|Levothyroxine Sodium|Propofol Injectable Emulsion
UGT1A1 Substrates with a Narrow Therapeutic Index;Levothyroxine Sodium
UGT1A3 substrates;Ibuprofen Oral Suspension USP
UGT1A4 substrates;Midazolam Injection
UGT1A6 substrate;Propofol Injectable Emulsion
UGT1A9 Substrates;Ibuprofen Oral Suspension USP|Propofol Injectable Emulsion
UGT2B17 Inhibitors;Ibuprofen Oral Suspension USP
UGT2B7 inducers;Phenobarbital Tablet 60mg
UGT2B7 substrates;Ibuprofen Oral Suspension USP
Urinary Alkalinisers;Sodium Bicarbonate Injection
Urokinase-Type Plasminogen Activator, antagonists & inhibitors;Kinlytic (urokinase for Injection)
Urological Agents;Alprostadil Injection USP|Sildenafil Citrate
Urologicals;Alprostadil Injection USP|Calcium Chloride Injection BP|Sildenafil Citrate
Vasoconstrictor Agents;Norepinephrine Bitartrate Injection
Vasodilating Agents;Alprostadil Injection USP|Amiodarone Hydrochloride Injection|Magnesium Sulfate Injection USP|Milrinone Lactate Injection|Nitroglycerin Injection USP|Sildenafil Citrate|Sodium Nitroprusside for Injection
Vasodilation;Nitroglycerin Injection USP|Sodium Nitroprusside for Injection
Vasodilators Used in Cardiac Diseases;Nitroglycerin Injection USP
Vasopressin Analog;Desmopressin Acetate
Vasopressin and Analogues;Desmopressin Acetate
Vasopressins;Desmopressin Acetate
Vasoprotectives;Dexamethasone Sodium Phosphate Injection Sdz|Dexamethasone Tablets|Heparin Sodium Injection USP|Lidocaine Hydrochloride Injection|Nitroglycerin Injection USP
Venous Vasodilation;Alprostadil Injection USP
Voltage-Gated Sodium Channel Blockers;Lidocaine Hydrochloride Injection
Waxes;Vitamins A and D Rash
Xanthine derivatives;Caffeine Citrate Injection USP
alpha-Galactosidase, antagonists & inhibitors;Amiodarone Hydrochloride Injection
beta-Lactamase Inhibitors;Amoxicillin Sodium and Potassium Clavulanate for Injection|Ampicillin Sodium and Sulbactam Sodium|PIPERACILLIN SODIUM and TAZOBACTAM SODIUM|PIPERACILLIN SODIUM and TAZOBACTAM SODIUM
beta-Lactams;Amoxicillin Sodium and Potassium Clavulanate for Injection|Amoxicillin Sodium and Potassium Clavulanate for Injection|Ampicillin Sodium and Sulbactam Sodium|Ampicillin Sodium and Sulbactam Sodium|Cefotaxime Sodium for Injection BP|Cefotaxime Sodium for Injection BP|Ceftriaxone Sodium for Injection|Imipenem and Cilastatin for Injection|Meropenem for Injection|PIPERACILLIN SODIUM and TAZOBACTAM SODIUM|PIPERACILLIN SODIUM and TAZOBACTAM SODIUM|PIPERACILLIN SODIUM and TAZOBACTAM SODIUM|PIPERACILLIN SODIUM and TAZOBACTAM SODIUM
i.v. Solutions;Mannitol Injection USP
